"Pack","Scene","Bytes"
"GENERIC_Particle_FX_Godot_4_5_1_v1_0_0.zip","particle-fx/Assets/Particle_FX/Prefabs/FX/FX_Candle_Flame_01.tscn","1857"
"GENERIC_Particle_FX_Godot_4_5_1_v1_0_0.zip","particle-fx/Assets/Particle_FX/Prefabs/FX/FX_Dust_01.tscn","1708"
"GENERIC_Particle_FX_Godot_4_5_1_v1_0_0.zip","particle-fx/Assets/Particle_FX/Prefabs/FX/FX_Dust_Soft_01.tscn","1718"
"GENERIC_Particle_FX_Godot_4_5_1_v1_0_0.zip","particle-fx/Assets/Particle_FX/Prefabs/FX/FX_Fire_Large_01.tscn","3790"
"GENERIC_Particle_FX_Godot_4_5_1_v1_0_0.zip","particle-fx/Assets/Particle_FX/Prefabs/FX/FX_Fire_Medium_01.tscn","3670"
"GENERIC_Particle_FX_Godot_4_5_1_v1_0_0.zip","particle-fx/Assets/Particle_FX/Prefabs/FX/FX_Fire_Small_01.tscn","2554"
"GENERIC_Particle_FX_Godot_4_5_1_v1_0_0.zip","particle-fx/Assets/Particle_FX/Prefabs/FX/FX_Flies_01.tscn","1437"
"GENERIC_Particle_FX_Godot_4_5_1_v1_0_0.zip","particle-fx/Assets/Particle_FX/Prefabs/FX/FX_Fog_01.tscn","1780"
"GENERIC_Particle_FX_Godot_4_5_1_v1_0_0.zip","particle-fx/Assets/Particle_FX/Prefabs/FX/FX_Leaves_01.tscn","2293"
"GENERIC_Particle_FX_Godot_4_5_1_v1_0_0.zip","particle-fx/Assets/Particle_FX/Prefabs/FX/FX_Rain_01.tscn","1238"
"GENERIC_Particle_FX_Godot_4_5_1_v1_0_0.zip","particle-fx/Assets/Particle_FX/Prefabs/FX/FX_Smoke_01.tscn","2317"
"GENERIC_Particle_FX_Godot_4_5_1_v1_0_0.zip","particle-fx/Assets/Particle_FX/Prefabs/FX/FX_Snow_01.tscn","1660"
"GENERIC_Particle_FX_Godot_4_5_1_v1_0_0.zip","particle-fx/Assets/Particle_FX/Prefabs/FX/FX_Sun_Beam_01.tscn","1635"
"POLYGON_Farm_Godot_4_6_2_v1_0_0.zip","polygon-farm-01/Assets/Synty/PolygonFarm/Prefabs/Buildings/SM_Bld_Barn_01.tscn","6177"
"POLYGON_Farm_Godot_4_6_2_v1_0_0.zip","polygon-farm-01/Assets/Synty/PolygonFarm/Prefabs/Buildings/SM_Bld_Barn_02.tscn","6171"
"POLYGON_Farm_Godot_4_6_2_v1_0_0.zip","polygon-farm-01/Assets/Synty/PolygonFarm/Prefabs/Buildings/SM_Bld_Barn_03.tscn","6172"
"POLYGON_Farm_Godot_4_6_2_v1_0_0.zip","polygon-farm-01/Assets/Synty/PolygonFarm/Prefabs/Buildings/SM_Bld_ConcreteBase_01.tscn","1396"
"POLYGON_Farm_Godot_4_6_2_v1_0_0.zip","polygon-farm-01/Assets/Synty/PolygonFarm/Prefabs/Buildings/SM_Bld_Farmhouse_01.tscn","3977"
"POLYGON_Farm_Godot_4_6_2_v1_0_0.zip","polygon-farm-01/Assets/Synty/PolygonFarm/Prefabs/Buildings/SM_Bld_Farmhouse_02.tscn","2372"
"POLYGON_Farm_Godot_4_6_2_v1_0_0.zip","polygon-farm-01/Assets/Synty/PolygonFarm/Prefabs/Buildings/SM_Bld_Garage_01.tscn","1761"
"POLYGON_Farm_Godot_4_6_2_v1_0_0.zip","polygon-farm-01/Assets/Synty/PolygonFarm/Prefabs/Buildings/SM_Bld_Greenhouse_01.tscn","4099"
"POLYGON_Farm_Godot_4_6_2_v1_0_0.zip","polygon-farm-01/Assets/Synty/PolygonFarm/Prefabs/Buildings/SM_Bld_Greenhouse_Large_01.tscn","7111"
"POLYGON_Farm_Godot_4_6_2_v1_0_0.zip","polygon-farm-01/Assets/Synty/PolygonFarm/Prefabs/Buildings/SM_Bld_Outhouse_01.tscn","1767"
"POLYGON_Farm_Godot_4_6_2_v1_0_0.zip","polygon-farm-01/Assets/Synty/PolygonFarm/Prefabs/Buildings/SM_Bld_ProduceStand_01.tscn","1409"
"POLYGON_Farm_Godot_4_6_2_v1_0_0.zip","polygon-farm-01/Assets/Synty/PolygonFarm/Prefabs/Buildings/SM_Bld_Shelter_01.tscn","3462"
"POLYGON_Farm_Godot_4_6_2_v1_0_0.zip","polygon-farm-01/Assets/Synty/PolygonFarm/Prefabs/Buildings/SM_Bld_Silo_01.tscn","1385"
"POLYGON_Farm_Godot_4_6_2_v1_0_0.zip","polygon-farm-01/Assets/Synty/PolygonFarm/Prefabs/Buildings/SM_Bld_Silo_02.tscn","1386"
"POLYGON_Farm_Godot_4_6_2_v1_0_0.zip","polygon-farm-01/Assets/Synty/PolygonFarm/Prefabs/Buildings/SM_Bld_Silo_Base_01.tscn","1429"
"POLYGON_Farm_Godot_4_6_2_v1_0_0.zip","polygon-farm-01/Assets/Synty/PolygonFarm/Prefabs/Buildings/SM_Bld_Silo_Small_01.tscn","1391"
"POLYGON_Farm_Godot_4_6_2_v1_0_0.zip","polygon-farm-01/Assets/Synty/PolygonFarm/Prefabs/Buildings/SM_Bld_WaterTower_01.tscn","1399"
"POLYGON_Farm_Godot_4_6_2_v1_0_0.zip","polygon-farm-01/Assets/Synty/PolygonFarm/Prefabs/Characters/SM_Chr_Attach_Buckethat_01.tscn","1461"
"POLYGON_Farm_Godot_4_6_2_v1_0_0.zip","polygon-farm-01/Assets/Synty/PolygonFarm/Prefabs/Characters/SM_Chr_Attach_Cap_01.tscn","1443"
"POLYGON_Farm_Godot_4_6_2_v1_0_0.zip","polygon-farm-01/Assets/Synty/PolygonFarm/Prefabs/Characters/SM_Chr_Attach_Cap_02.tscn","1444"
"POLYGON_Farm_Godot_4_6_2_v1_0_0.zip","polygon-farm-01/Assets/Synty/PolygonFarm/Prefabs/Characters/SM_Chr_Attach_CowboyHat_01.tscn","1461"
"POLYGON_Farm_Godot_4_6_2_v1_0_0.zip","polygon-farm-01/Assets/Synty/PolygonFarm/Prefabs/Characters/SM_Chr_Attach_CowboyHat_02.tscn","1455"
"POLYGON_Farm_Godot_4_6_2_v1_0_0.zip","polygon-farm-01/Assets/Synty/PolygonFarm/Prefabs/Characters/SM_Chr_Attach_Glasses_01.tscn","1460"
"POLYGON_Farm_Godot_4_6_2_v1_0_0.zip","polygon-farm-01/Assets/Synty/PolygonFarm/Prefabs/Characters/SM_Chr_Attach_ScarecrowHat_01.tscn","1462"
"POLYGON_Farm_Godot_4_6_2_v1_0_0.zip","polygon-farm-01/Assets/Synty/PolygonFarm/Prefabs/Characters/SM_Chr_Attach_Wheat_01.tscn","1455"
"POLYGON_Farm_Godot_4_6_2_v1_0_0.zip","polygon-farm-01/Assets/Synty/PolygonFarm/Prefabs/Characters/SM_Chr_FarmBoy_01.tscn","88418"
"POLYGON_Farm_Godot_4_6_2_v1_0_0.zip","polygon-farm-01/Assets/Synty/PolygonFarm/Prefabs/Characters/SM_Chr_Farmer_Female_01.tscn","88450"
"POLYGON_Farm_Godot_4_6_2_v1_0_0.zip","polygon-farm-01/Assets/Synty/PolygonFarm/Prefabs/Characters/SM_Chr_Farmer_Male_01.tscn","88448"
"POLYGON_Farm_Godot_4_6_2_v1_0_0.zip","polygon-farm-01/Assets/Synty/PolygonFarm/Prefabs/Characters/SM_Chr_Farmer_Male_Old_01.tscn","88451"
"POLYGON_Farm_Godot_4_6_2_v1_0_0.zip","polygon-farm-01/Assets/Synty/PolygonFarm/Prefabs/Characters/SM_Chr_FarmGirl_01.tscn","88445"
"POLYGON_Farm_Godot_4_6_2_v1_0_0.zip","polygon-farm-01/Assets/Synty/PolygonFarm/Prefabs/Characters/SM_Chr_Scarecrow_01.tscn","88446"
"POLYGON_Farm_Godot_4_6_2_v1_0_0.zip","polygon-farm-01/Assets/Synty/PolygonFarm/Prefabs/Environments/SM_Env_Dirt_01.tscn","1413"
"POLYGON_Farm_Godot_4_6_2_v1_0_0.zip","polygon-farm-01/Assets/Synty/PolygonFarm/Prefabs/Environments/SM_Env_Dirt_Mound_01.tscn","515"
"POLYGON_Farm_Godot_4_6_2_v1_0_0.zip","polygon-farm-01/Assets/Synty/PolygonFarm/Prefabs/Environments/SM_Env_Dirt_Rows_01.tscn","40459"
"POLYGON_Farm_Godot_4_6_2_v1_0_0.zip","polygon-farm-01/Assets/Synty/PolygonFarm/Prefabs/Environments/SM_Env_Dirt_Rows_Center_01.tscn","28485"
"POLYGON_Farm_Godot_4_6_2_v1_0_0.zip","polygon-farm-01/Assets/Synty/PolygonFarm/Prefabs/Environments/SM_Env_Dirt_Rows_End_Bottom_01.tscn","36097"
"POLYGON_Farm_Godot_4_6_2_v1_0_0.zip","polygon-farm-01/Assets/Synty/PolygonFarm/Prefabs/Environments/SM_Env_Dirt_Rows_End_Top_01.tscn","37232"
"POLYGON_Farm_Godot_4_6_2_v1_0_0.zip","polygon-farm-01/Assets/Synty/PolygonFarm/Prefabs/Environments/SM_Env_Dirt_Rows_Mounds_01.tscn","23599"
"POLYGON_Farm_Godot_4_6_2_v1_0_0.zip","polygon-farm-01/Assets/Synty/PolygonFarm/Prefabs/Environments/SM_Env_Dirt_Rows_Skirt_01.tscn","46854"
"POLYGON_Farm_Godot_4_6_2_v1_0_0.zip","polygon-farm-01/Assets/Synty/PolygonFarm/Prefabs/Environments/SM_Env_Dirt_Skirt_01.tscn","27197"
"POLYGON_Farm_Godot_4_6_2_v1_0_0.zip","polygon-farm-01/Assets/Synty/PolygonFarm/Prefabs/Environments/SM_Env_Flowers_01.tscn","508"
"POLYGON_Farm_Godot_4_6_2_v1_0_0.zip","polygon-farm-01/Assets/Synty/PolygonFarm/Prefabs/Environments/SM_Env_Flowers_02.tscn","508"
"POLYGON_Farm_Godot_4_6_2_v1_0_0.zip","polygon-farm-01/Assets/Synty/PolygonFarm/Prefabs/Environments/SM_Env_Flowers_03.tscn","509"
"POLYGON_Farm_Godot_4_6_2_v1_0_0.zip","polygon-farm-01/Assets/Synty/PolygonFarm/Prefabs/Environments/SM_Env_Lillypads_01.tscn","512"
"POLYGON_Farm_Godot_4_6_2_v1_0_0.zip","polygon-farm-01/Assets/Synty/PolygonFarm/Prefabs/Environments/SM_Env_Lillypads_02.tscn","511"
"POLYGON_Farm_Godot_4_6_2_v1_0_0.zip","polygon-farm-01/Assets/Synty/PolygonFarm/Prefabs/Environments/SM_Env_Pebbles_01.tscn","507"
"POLYGON_Farm_Godot_4_6_2_v1_0_0.zip","polygon-farm-01/Assets/Synty/PolygonFarm/Prefabs/Environments/SM_Env_Pebbles_02.tscn","509"
"POLYGON_Farm_Godot_4_6_2_v1_0_0.zip","polygon-farm-01/Assets/Synty/PolygonFarm/Prefabs/Environments/SM_Env_Pebbles_03.tscn","507"
"POLYGON_Farm_Godot_4_6_2_v1_0_0.zip","polygon-farm-01/Assets/Synty/PolygonFarm/Prefabs/Environments/SM_Env_Pond_01.tscn","56013"
"POLYGON_Farm_Godot_4_6_2_v1_0_0.zip","polygon-farm-01/Assets/Synty/PolygonFarm/Prefabs/Environments/SM_Env_PuddlePlane_01.tscn","526"
"POLYGON_Farm_Godot_4_6_2_v1_0_0.zip","polygon-farm-01/Assets/Synty/PolygonFarm/Prefabs/Environments/SM_Env_Reeds_01.tscn","504"
"POLYGON_Farm_Godot_4_6_2_v1_0_0.zip","polygon-farm-01/Assets/Synty/PolygonFarm/Prefabs/Environments/SM_Env_Reeds_02.tscn","505"
"POLYGON_Farm_Godot_4_6_2_v1_0_0.zip","polygon-farm-01/Assets/Synty/PolygonFarm/Prefabs/Environments/SM_Env_Reeds_03.tscn","504"
"POLYGON_Farm_Godot_4_6_2_v1_0_0.zip","polygon-farm-01/Assets/Synty/PolygonFarm/Prefabs/Environments/SM_Env_Road_Dirt_Corner_01.tscn","22286"
"POLYGON_Farm_Godot_4_6_2_v1_0_0.zip","polygon-farm-01/Assets/Synty/PolygonFarm/Prefabs/Environments/SM_Env_Road_Dirt_Corner_02.tscn","23253"
"POLYGON_Farm_Godot_4_6_2_v1_0_0.zip","polygon-farm-01/Assets/Synty/PolygonFarm/Prefabs/Environments/SM_Env_Road_Dirt_End_01.tscn","23375"
"POLYGON_Farm_Godot_4_6_2_v1_0_0.zip","polygon-farm-01/Assets/Synty/PolygonFarm/Prefabs/Environments/SM_Env_Road_Dirt_End_02.tscn","23583"
"POLYGON_Farm_Godot_4_6_2_v1_0_0.zip","polygon-farm-01/Assets/Synty/PolygonFarm/Prefabs/Environments/SM_Env_Road_Dirt_Intersection_01.tscn","39591"
"POLYGON_Farm_Godot_4_6_2_v1_0_0.zip","polygon-farm-01/Assets/Synty/PolygonFarm/Prefabs/Environments/SM_Env_Road_Dirt_Straight_01.tscn","22801"
"POLYGON_Farm_Godot_4_6_2_v1_0_0.zip","polygon-farm-01/Assets/Synty/PolygonFarm/Prefabs/Environments/SM_Env_Road_Dirt_Swerve_01.tscn","41348"
"POLYGON_Farm_Godot_4_6_2_v1_0_0.zip","polygon-farm-01/Assets/Synty/PolygonFarm/Prefabs/Environments/SM_Env_Road_Dirt_Swerve_02.tscn","41706"
"POLYGON_Farm_Godot_4_6_2_v1_0_0.zip","polygon-farm-01/Assets/Synty/PolygonFarm/Prefabs/Environments/SM_Env_Road_Dirt_T_Section_01.tscn","36847"
"POLYGON_Farm_Godot_4_6_2_v1_0_0.zip","polygon-farm-01/Assets/Synty/PolygonFarm/Prefabs/Environments/SM_Env_Road_GrassEdge_01.tscn","6703"
"POLYGON_Farm_Godot_4_6_2_v1_0_0.zip","polygon-farm-01/Assets/Synty/PolygonFarm/Prefabs/Environments/SM_Env_Road_GrassEdge_02.tscn","6444"
"POLYGON_Farm_Godot_4_6_2_v1_0_0.zip","polygon-farm-01/Assets/Synty/PolygonFarm/Prefabs/Environments/SM_Env_Road_Gravel_Corner_01.tscn","22008"
"POLYGON_Farm_Godot_4_6_2_v1_0_0.zip","polygon-farm-01/Assets/Synty/PolygonFarm/Prefabs/Environments/SM_Env_Road_Gravel_Corner_02.tscn","23260"
"POLYGON_Farm_Godot_4_6_2_v1_0_0.zip","polygon-farm-01/Assets/Synty/PolygonFarm/Prefabs/Environments/SM_Env_Road_Gravel_End_01.tscn","23210"
"POLYGON_Farm_Godot_4_6_2_v1_0_0.zip","polygon-farm-01/Assets/Synty/PolygonFarm/Prefabs/Environments/SM_Env_Road_Gravel_End_02.tscn","22993"
"POLYGON_Farm_Godot_4_6_2_v1_0_0.zip","polygon-farm-01/Assets/Synty/PolygonFarm/Prefabs/Environments/SM_Env_Road_Gravel_Intersection_01.tscn","39489"
"POLYGON_Farm_Godot_4_6_2_v1_0_0.zip","polygon-farm-01/Assets/Synty/PolygonFarm/Prefabs/Environments/SM_Env_Road_Gravel_Straight_01.tscn","23056"
"POLYGON_Farm_Godot_4_6_2_v1_0_0.zip","polygon-farm-01/Assets/Synty/PolygonFarm/Prefabs/Environments/SM_Env_Road_Gravel_Swerve_01.tscn","41654"
"POLYGON_Farm_Godot_4_6_2_v1_0_0.zip","polygon-farm-01/Assets/Synty/PolygonFarm/Prefabs/Environments/SM_Env_Road_Gravel_Swerve_02.tscn","41084"
"POLYGON_Farm_Godot_4_6_2_v1_0_0.zip","polygon-farm-01/Assets/Synty/PolygonFarm/Prefabs/Environments/SM_Env_Road_Gravel_T_Section_01.tscn","36382"
"POLYGON_Farm_Godot_4_6_2_v1_0_0.zip","polygon-farm-01/Assets/Synty/PolygonFarm/Prefabs/Environments/SM_Env_Road_Pebbles_01.tscn","518"
"POLYGON_Farm_Godot_4_6_2_v1_0_0.zip","polygon-farm-01/Assets/Synty/PolygonFarm/Prefabs/Environments/SM_Env_Road_Pebbles_02.tscn","519"
"POLYGON_Farm_Godot_4_6_2_v1_0_0.zip","polygon-farm-01/Assets/Synty/PolygonFarm/Prefabs/Environments/SM_Env_Tree_Apple_01.tscn","3064"
"POLYGON_Farm_Godot_4_6_2_v1_0_0.zip","polygon-farm-01/Assets/Synty/PolygonFarm/Prefabs/Environments/SM_Env_Tree_Apple_Grown_01.tscn","3076"
"POLYGON_Farm_Godot_4_6_2_v1_0_0.zip","polygon-farm-01/Assets/Synty/PolygonFarm/Prefabs/Environments/SM_Env_Tree_Apricot_01.tscn","2227"
"POLYGON_Farm_Godot_4_6_2_v1_0_0.zip","polygon-farm-01/Assets/Synty/PolygonFarm/Prefabs/Environments/SM_Env_Tree_Apricot_Grown_01.tscn","2258"
"POLYGON_Farm_Godot_4_6_2_v1_0_0.zip","polygon-farm-01/Assets/Synty/PolygonFarm/Prefabs/Environments/SM_Env_Tree_Cherry_01.tscn","3063"
"POLYGON_Farm_Godot_4_6_2_v1_0_0.zip","polygon-farm-01/Assets/Synty/PolygonFarm/Prefabs/Environments/SM_Env_Tree_Cherry_Grown_01.tscn","3064"
"POLYGON_Farm_Godot_4_6_2_v1_0_0.zip","polygon-farm-01/Assets/Synty/PolygonFarm/Prefabs/Environments/SM_Env_Tree_Large_01.tscn","8162"
"POLYGON_Farm_Godot_4_6_2_v1_0_0.zip","polygon-farm-01/Assets/Synty/PolygonFarm/Prefabs/Environments/SM_Env_Tree_Lemon_01.tscn","2257"
"POLYGON_Farm_Godot_4_6_2_v1_0_0.zip","polygon-farm-01/Assets/Synty/PolygonFarm/Prefabs/Environments/SM_Env_Tree_Lemon_Grown_01.tscn","2252"
"POLYGON_Farm_Godot_4_6_2_v1_0_0.zip","polygon-farm-01/Assets/Synty/PolygonFarm/Prefabs/Environments/SM_Env_Tree_Orange_01.tscn","2872"
"POLYGON_Farm_Godot_4_6_2_v1_0_0.zip","polygon-farm-01/Assets/Synty/PolygonFarm/Prefabs/Environments/SM_Env_Tree_Orange_Grown_01.tscn","2887"
"POLYGON_Farm_Godot_4_6_2_v1_0_0.zip","polygon-farm-01/Assets/Synty/PolygonFarm/Prefabs/Environments/SM_Env_Tree_Peach_01.tscn","2247"
"POLYGON_Farm_Godot_4_6_2_v1_0_0.zip","polygon-farm-01/Assets/Synty/PolygonFarm/Prefabs/Environments/SM_Env_Tree_Peach_Grown_01.tscn","2328"
"POLYGON_Farm_Godot_4_6_2_v1_0_0.zip","polygon-farm-01/Assets/Synty/PolygonFarm/Prefabs/Environments/SM_Env_Tree_Pear_01.tscn","2238"
"POLYGON_Farm_Godot_4_6_2_v1_0_0.zip","polygon-farm-01/Assets/Synty/PolygonFarm/Prefabs/Environments/SM_Env_Tree_Pear_Grown_01.tscn","2246"
"POLYGON_Farm_Godot_4_6_2_v1_0_0.zip","polygon-farm-01/Assets/Synty/PolygonFarm/Prefabs/Environments/SM_Env_Tree_Plum_01.tscn","2241"
"POLYGON_Farm_Godot_4_6_2_v1_0_0.zip","polygon-farm-01/Assets/Synty/PolygonFarm/Prefabs/Environments/SM_Env_Tree_Plum_Grown_01.tscn","2254"
"POLYGON_Farm_Godot_4_6_2_v1_0_0.zip","polygon-farm-01/Assets/Synty/PolygonFarm/Prefabs/Environments/SM_Env_Tree_Stump_01.tscn","1415"
"POLYGON_Farm_Godot_4_6_2_v1_0_0.zip","polygon-farm-01/Assets/Synty/PolygonFarm/Prefabs/Environments/SM_Env_Tree_Stump_02.tscn","1445"
"POLYGON_Farm_Godot_4_6_2_v1_0_0.zip","polygon-farm-01/Assets/Synty/PolygonFarm/Prefabs/Environments/SM_Env_Tree_Stump_03.tscn","1446"
"POLYGON_Farm_Godot_4_6_2_v1_0_0.zip","polygon-farm-01/Assets/Synty/PolygonFarm/Prefabs/Environments/SM_Env_Vege_Rows_01.tscn","512"
"POLYGON_Farm_Godot_4_6_2_v1_0_0.zip","polygon-farm-01/Assets/Synty/PolygonFarm/Prefabs/Environments/SM_Env_Vege_Rows_02.tscn","512"
"POLYGON_Farm_Godot_4_6_2_v1_0_0.zip","polygon-farm-01/Assets/Synty/PolygonFarm/Prefabs/Environments/SM_Env_Vege_Rows_03.tscn","511"
"POLYGON_Farm_Godot_4_6_2_v1_0_0.zip","polygon-farm-01/Assets/Synty/PolygonFarm/Prefabs/Generic/SM_Generic_Cloud_01.tscn","528"
"POLYGON_Farm_Godot_4_6_2_v1_0_0.zip","polygon-farm-01/Assets/Synty/PolygonFarm/Prefabs/Generic/SM_Generic_Cloud_02.tscn","526"
"POLYGON_Farm_Godot_4_6_2_v1_0_0.zip","polygon-farm-01/Assets/Synty/PolygonFarm/Prefabs/Generic/SM_Generic_Cloud_03.tscn","527"
"POLYGON_Farm_Godot_4_6_2_v1_0_0.zip","polygon-farm-01/Assets/Synty/PolygonFarm/Prefabs/Generic/SM_Generic_Cloud_04.tscn","526"
"POLYGON_Farm_Godot_4_6_2_v1_0_0.zip","polygon-farm-01/Assets/Synty/PolygonFarm/Prefabs/Generic/SM_Generic_Cloud_05.tscn","527"
"POLYGON_Farm_Godot_4_6_2_v1_0_0.zip","polygon-farm-01/Assets/Synty/PolygonFarm/Prefabs/Generic/SM_Generic_Grass_Patch_01.tscn","524"
"POLYGON_Farm_Godot_4_6_2_v1_0_0.zip","polygon-farm-01/Assets/Synty/PolygonFarm/Prefabs/Generic/SM_Generic_Grass_Patch_02.tscn","525"
"POLYGON_Farm_Godot_4_6_2_v1_0_0.zip","polygon-farm-01/Assets/Synty/PolygonFarm/Prefabs/Generic/SM_Generic_Grass_Patch_03.tscn","524"
"POLYGON_Farm_Godot_4_6_2_v1_0_0.zip","polygon-farm-01/Assets/Synty/PolygonFarm/Prefabs/Generic/SM_Generic_Ground_01.tscn","17304"
"POLYGON_Farm_Godot_4_6_2_v1_0_0.zip","polygon-farm-01/Assets/Synty/PolygonFarm/Prefabs/Generic/SM_Generic_Ground_02.tscn","37190"
"POLYGON_Farm_Godot_4_6_2_v1_0_0.zip","polygon-farm-01/Assets/Synty/PolygonFarm/Prefabs/Generic/SM_Generic_Ground_03.tscn","64338"
"POLYGON_Farm_Godot_4_6_2_v1_0_0.zip","polygon-farm-01/Assets/Synty/PolygonFarm/Prefabs/Generic/SM_Generic_Ground_04.tscn","62763"
"POLYGON_Farm_Godot_4_6_2_v1_0_0.zip","polygon-farm-01/Assets/Synty/PolygonFarm/Prefabs/Generic/SM_Generic_Ground_Dirt_01.tscn","17315"
"POLYGON_Farm_Godot_4_6_2_v1_0_0.zip","polygon-farm-01/Assets/Synty/PolygonFarm/Prefabs/Generic/SM_Generic_Ground_Flat_01.tscn","47153"
"POLYGON_Farm_Godot_4_6_2_v1_0_0.zip","polygon-farm-01/Assets/Synty/PolygonFarm/Prefabs/Generic/SM_Generic_Ground_Flat_Wheat_01.tscn","47021"
"POLYGON_Farm_Godot_4_6_2_v1_0_0.zip","polygon-farm-01/Assets/Synty/PolygonFarm/Prefabs/Generic/SM_Generic_Ground_Hill_01.tscn","47236"
"POLYGON_Farm_Godot_4_6_2_v1_0_0.zip","polygon-farm-01/Assets/Synty/PolygonFarm/Prefabs/Generic/SM_Generic_Ground_Hill_02.tscn","46864"
"POLYGON_Farm_Godot_4_6_2_v1_0_0.zip","polygon-farm-01/Assets/Synty/PolygonFarm/Prefabs/Generic/SM_Generic_Ground_Hill_03.tscn","47224"
"POLYGON_Farm_Godot_4_6_2_v1_0_0.zip","polygon-farm-01/Assets/Synty/PolygonFarm/Prefabs/Generic/SM_Generic_Ground_Tile_01.tscn","912"
"POLYGON_Farm_Godot_4_6_2_v1_0_0.zip","polygon-farm-01/Assets/Synty/PolygonFarm/Prefabs/Generic/SM_Generic_Ground_Wheat_01.tscn","17316"
"POLYGON_Farm_Godot_4_6_2_v1_0_0.zip","polygon-farm-01/Assets/Synty/PolygonFarm/Prefabs/Generic/SM_Generic_Mountains_Grass_01.tscn","183481"
"POLYGON_Farm_Godot_4_6_2_v1_0_0.zip","polygon-farm-01/Assets/Synty/PolygonFarm/Prefabs/Generic/SM_Generic_Mountains_Grass_02.tscn","41454"
"POLYGON_Farm_Godot_4_6_2_v1_0_0.zip","polygon-farm-01/Assets/Synty/PolygonFarm/Prefabs/Generic/SM_Generic_Mountains_Snow_01.tscn","92566"
"POLYGON_Farm_Godot_4_6_2_v1_0_0.zip","polygon-farm-01/Assets/Synty/PolygonFarm/Prefabs/Generic/SM_Generic_Mountains_Soft_01.tscn","23420"
"POLYGON_Farm_Godot_4_6_2_v1_0_0.zip","polygon-farm-01/Assets/Synty/PolygonFarm/Prefabs/Generic/SM_Generic_Ocean_Tile_Bumps_01.tscn","534"
"POLYGON_Farm_Godot_4_6_2_v1_0_0.zip","polygon-farm-01/Assets/Synty/PolygonFarm/Prefabs/Generic/SM_Generic_Ocean_Tile_Flat_01.tscn","532"
"POLYGON_Farm_Godot_4_6_2_v1_0_0.zip","polygon-farm-01/Assets/Synty/PolygonFarm/Prefabs/Generic/SM_Generic_Small_Rocks_01.tscn","525"
"POLYGON_Farm_Godot_4_6_2_v1_0_0.zip","polygon-farm-01/Assets/Synty/PolygonFarm/Prefabs/Generic/SM_Generic_Small_Rocks_02.tscn","523"
"POLYGON_Farm_Godot_4_6_2_v1_0_0.zip","polygon-farm-01/Assets/Synty/PolygonFarm/Prefabs/Generic/SM_Generic_Small_Rocks_03.tscn","1475"
"POLYGON_Farm_Godot_4_6_2_v1_0_0.zip","polygon-farm-01/Assets/Synty/PolygonFarm/Prefabs/Generic/SM_Generic_Small_Rocks_04.tscn","1468"
"POLYGON_Farm_Godot_4_6_2_v1_0_0.zip","polygon-farm-01/Assets/Synty/PolygonFarm/Prefabs/Generic/SM_Generic_Small_Rocks_05.tscn","1480"
"POLYGON_Farm_Godot_4_6_2_v1_0_0.zip","polygon-farm-01/Assets/Synty/PolygonFarm/Prefabs/Generic/SM_Generic_Tree_01.tscn","1403"
"POLYGON_Farm_Godot_4_6_2_v1_0_0.zip","polygon-farm-01/Assets/Synty/PolygonFarm/Prefabs/Generic/SM_Generic_Tree_02.tscn","1413"
"POLYGON_Farm_Godot_4_6_2_v1_0_0.zip","polygon-farm-01/Assets/Synty/PolygonFarm/Prefabs/Generic/SM_Generic_Tree_03.tscn","1410"
"POLYGON_Farm_Godot_4_6_2_v1_0_0.zip","polygon-farm-01/Assets/Synty/PolygonFarm/Prefabs/Generic/SM_Generic_Tree_04.tscn","1412"
"POLYGON_Farm_Godot_4_6_2_v1_0_0.zip","polygon-farm-01/Assets/Synty/PolygonFarm/Prefabs/Generic/SM_Generic_Tree_Patch_01.tscn","1385"
"POLYGON_Farm_Godot_4_6_2_v1_0_0.zip","polygon-farm-01/Assets/Synty/PolygonFarm/Prefabs/Generic/SM_Generic_Tree_Patch_02.tscn","1387"
"POLYGON_Farm_Godot_4_6_2_v1_0_0.zip","polygon-farm-01/Assets/Synty/PolygonFarm/Prefabs/Generic/SM_Generic_TreeDead_01.tscn","1412"
"POLYGON_Farm_Godot_4_6_2_v1_0_0.zip","polygon-farm-01/Assets/Synty/PolygonFarm/Prefabs/Generic/SM_Generic_TreeStump_01.tscn","1444"
"POLYGON_Farm_Godot_4_6_2_v1_0_0.zip","polygon-farm-01/Assets/Synty/PolygonFarm/Prefabs/Plants/SM_Prop_Apple_01_Group.tscn","1472"
"POLYGON_Farm_Godot_4_6_2_v1_0_0.zip","polygon-farm-01/Assets/Synty/PolygonFarm/Prefabs/Plants/SM_Prop_Apple_01.tscn","1469"
"POLYGON_Farm_Godot_4_6_2_v1_0_0.zip","polygon-farm-01/Assets/Synty/PolygonFarm/Prefabs/Plants/SM_Prop_Apricot_01_Group.tscn","1477"
"POLYGON_Farm_Godot_4_6_2_v1_0_0.zip","polygon-farm-01/Assets/Synty/PolygonFarm/Prefabs/Plants/SM_Prop_Apricot_01.tscn","1478"
"POLYGON_Farm_Godot_4_6_2_v1_0_0.zip","polygon-farm-01/Assets/Synty/PolygonFarm/Prefabs/Plants/SM_Prop_Asparagus_01_L.tscn","1461"
"POLYGON_Farm_Godot_4_6_2_v1_0_0.zip","polygon-farm-01/Assets/Synty/PolygonFarm/Prefabs/Plants/SM_Prop_Asparagus_01_M.tscn","1460"
"POLYGON_Farm_Godot_4_6_2_v1_0_0.zip","polygon-farm-01/Assets/Synty/PolygonFarm/Prefabs/Plants/SM_Prop_Asparagus_01_S.tscn","1464"
"POLYGON_Farm_Godot_4_6_2_v1_0_0.zip","polygon-farm-01/Assets/Synty/PolygonFarm/Prefabs/Plants/SM_Prop_Asparagus_01_Single.tscn","1486"
"POLYGON_Farm_Godot_4_6_2_v1_0_0.zip","polygon-farm-01/Assets/Synty/PolygonFarm/Prefabs/Plants/SM_Prop_Asparagus_01.tscn","1469"
"POLYGON_Farm_Godot_4_6_2_v1_0_0.zip","polygon-farm-01/Assets/Synty/PolygonFarm/Prefabs/Plants/SM_Prop_Banana_01_Group.tscn","1463"
"POLYGON_Farm_Godot_4_6_2_v1_0_0.zip","polygon-farm-01/Assets/Synty/PolygonFarm/Prefabs/Plants/SM_Prop_Banana_01_L.tscn","1445"
"POLYGON_Farm_Godot_4_6_2_v1_0_0.zip","polygon-farm-01/Assets/Synty/PolygonFarm/Prefabs/Plants/SM_Prop_Banana_01_M.tscn","1454"
"POLYGON_Farm_Godot_4_6_2_v1_0_0.zip","polygon-farm-01/Assets/Synty/PolygonFarm/Prefabs/Plants/SM_Prop_Banana_01.tscn","1469"
"POLYGON_Farm_Godot_4_6_2_v1_0_0.zip","polygon-farm-01/Assets/Synty/PolygonFarm/Prefabs/Plants/SM_Prop_Bean_01_Group.tscn","1457"
"POLYGON_Farm_Godot_4_6_2_v1_0_0.zip","polygon-farm-01/Assets/Synty/PolygonFarm/Prefabs/Plants/SM_Prop_Bean_01_L.tscn","1472"
"POLYGON_Farm_Godot_4_6_2_v1_0_0.zip","polygon-farm-01/Assets/Synty/PolygonFarm/Prefabs/Plants/SM_Prop_Bean_01_M.tscn","1487"
"POLYGON_Farm_Godot_4_6_2_v1_0_0.zip","polygon-farm-01/Assets/Synty/PolygonFarm/Prefabs/Plants/SM_Prop_Bean_01_S.tscn","1488"
"POLYGON_Farm_Godot_4_6_2_v1_0_0.zip","polygon-farm-01/Assets/Synty/PolygonFarm/Prefabs/Plants/SM_Prop_Beetroot_01_Group.tscn","1466"
"POLYGON_Farm_Godot_4_6_2_v1_0_0.zip","polygon-farm-01/Assets/Synty/PolygonFarm/Prefabs/Plants/SM_Prop_Beetroot_01_L.tscn","1446"
"POLYGON_Farm_Godot_4_6_2_v1_0_0.zip","polygon-farm-01/Assets/Synty/PolygonFarm/Prefabs/Plants/SM_Prop_Beetroot_01_M.tscn","1461"
"POLYGON_Farm_Godot_4_6_2_v1_0_0.zip","polygon-farm-01/Assets/Synty/PolygonFarm/Prefabs/Plants/SM_Prop_Beetroot_01_S.tscn","1472"
"POLYGON_Farm_Godot_4_6_2_v1_0_0.zip","polygon-farm-01/Assets/Synty/PolygonFarm/Prefabs/Plants/SM_Prop_Beetroot_01.tscn","1478"
"POLYGON_Farm_Godot_4_6_2_v1_0_0.zip","polygon-farm-01/Assets/Synty/PolygonFarm/Prefabs/Plants/SM_Prop_Box_Apple_01.tscn","1444"
"POLYGON_Farm_Godot_4_6_2_v1_0_0.zip","polygon-farm-01/Assets/Synty/PolygonFarm/Prefabs/Plants/SM_Prop_Box_Apple_02.tscn","1445"
"POLYGON_Farm_Godot_4_6_2_v1_0_0.zip","polygon-farm-01/Assets/Synty/PolygonFarm/Prefabs/Plants/SM_Prop_Box_Apricot_01.tscn","1451"
"POLYGON_Farm_Godot_4_6_2_v1_0_0.zip","polygon-farm-01/Assets/Synty/PolygonFarm/Prefabs/Plants/SM_Prop_Box_Carrot_01.tscn","1441"
"POLYGON_Farm_Godot_4_6_2_v1_0_0.zip","polygon-farm-01/Assets/Synty/PolygonFarm/Prefabs/Plants/SM_Prop_Box_Cucumber_01.tscn","1422"
"POLYGON_Farm_Godot_4_6_2_v1_0_0.zip","polygon-farm-01/Assets/Synty/PolygonFarm/Prefabs/Plants/SM_Prop_Box_Eggplant_01.tscn","1447"
"POLYGON_Farm_Godot_4_6_2_v1_0_0.zip","polygon-farm-01/Assets/Synty/PolygonFarm/Prefabs/Plants/SM_Prop_Box_Onion_01.tscn","1417"
"POLYGON_Farm_Godot_4_6_2_v1_0_0.zip","polygon-farm-01/Assets/Synty/PolygonFarm/Prefabs/Plants/SM_Prop_Box_Peach_01.tscn","1446"
"POLYGON_Farm_Godot_4_6_2_v1_0_0.zip","polygon-farm-01/Assets/Synty/PolygonFarm/Prefabs/Plants/SM_Prop_Box_Plum_01.tscn","1451"
"POLYGON_Farm_Godot_4_6_2_v1_0_0.zip","polygon-farm-01/Assets/Synty/PolygonFarm/Prefabs/Plants/SM_Prop_Box_Potato_01.tscn","1447"
"POLYGON_Farm_Godot_4_6_2_v1_0_0.zip","polygon-farm-01/Assets/Synty/PolygonFarm/Prefabs/Plants/SM_Prop_Broccoli_01_L.tscn","516"
"POLYGON_Farm_Godot_4_6_2_v1_0_0.zip","polygon-farm-01/Assets/Synty/PolygonFarm/Prefabs/Plants/SM_Prop_Broccoli_01_M.tscn","516"
"POLYGON_Farm_Godot_4_6_2_v1_0_0.zip","polygon-farm-01/Assets/Synty/PolygonFarm/Prefabs/Plants/SM_Prop_Broccoli_01_S.tscn","517"
"POLYGON_Farm_Godot_4_6_2_v1_0_0.zip","polygon-farm-01/Assets/Synty/PolygonFarm/Prefabs/Plants/SM_Prop_Broccoli_01.tscn","1449"
"POLYGON_Farm_Godot_4_6_2_v1_0_0.zip","polygon-farm-01/Assets/Synty/PolygonFarm/Prefabs/Plants/SM_Prop_Bush_Round_Row_01.tscn","521"
"POLYGON_Farm_Godot_4_6_2_v1_0_0.zip","polygon-farm-01/Assets/Synty/PolygonFarm/Prefabs/Plants/SM_Prop_Cabbage_01_L.tscn","1446"
"POLYGON_Farm_Godot_4_6_2_v1_0_0.zip","polygon-farm-01/Assets/Synty/PolygonFarm/Prefabs/Plants/SM_Prop_Cabbage_01_M.tscn","1452"
"POLYGON_Farm_Godot_4_6_2_v1_0_0.zip","polygon-farm-01/Assets/Synty/PolygonFarm/Prefabs/Plants/SM_Prop_Cabbage_01_S.tscn","1462"
"POLYGON_Farm_Godot_4_6_2_v1_0_0.zip","polygon-farm-01/Assets/Synty/PolygonFarm/Prefabs/Plants/SM_Prop_Carrot_01_Group.tscn","1457"
"POLYGON_Farm_Godot_4_6_2_v1_0_0.zip","polygon-farm-01/Assets/Synty/PolygonFarm/Prefabs/Plants/SM_Prop_Carrot_01_L.tscn","704"
"POLYGON_Farm_Godot_4_6_2_v1_0_0.zip","polygon-farm-01/Assets/Synty/PolygonFarm/Prefabs/Plants/SM_Prop_Carrot_01_M.tscn","704"
"POLYGON_Farm_Godot_4_6_2_v1_0_0.zip","polygon-farm-01/Assets/Synty/PolygonFarm/Prefabs/Plants/SM_Prop_Carrot_01_S.tscn","705"
"POLYGON_Farm_Godot_4_6_2_v1_0_0.zip","polygon-farm-01/Assets/Synty/PolygonFarm/Prefabs/Plants/SM_Prop_Carrot_01.tscn","1465"
"POLYGON_Farm_Godot_4_6_2_v1_0_0.zip","polygon-farm-01/Assets/Synty/PolygonFarm/Prefabs/Plants/SM_Prop_Cherry_01_Group.tscn","1480"
"POLYGON_Farm_Godot_4_6_2_v1_0_0.zip","polygon-farm-01/Assets/Synty/PolygonFarm/Prefabs/Plants/SM_Prop_Cherry_01.tscn","1486"
"POLYGON_Farm_Godot_4_6_2_v1_0_0.zip","polygon-farm-01/Assets/Synty/PolygonFarm/Prefabs/Plants/SM_Prop_Chilli_01_Group.tscn","1482"
"POLYGON_Farm_Godot_4_6_2_v1_0_0.zip","polygon-farm-01/Assets/Synty/PolygonFarm/Prefabs/Plants/SM_Prop_Chilli_01_L.tscn","1483"
"POLYGON_Farm_Godot_4_6_2_v1_0_0.zip","polygon-farm-01/Assets/Synty/PolygonFarm/Prefabs/Plants/SM_Prop_Chilli_01_M.tscn","1484"
"POLYGON_Farm_Godot_4_6_2_v1_0_0.zip","polygon-farm-01/Assets/Synty/PolygonFarm/Prefabs/Plants/SM_Prop_Chilli_01_S.tscn","1479"
"POLYGON_Farm_Godot_4_6_2_v1_0_0.zip","polygon-farm-01/Assets/Synty/PolygonFarm/Prefabs/Plants/SM_Prop_Chilli_01.tscn","1481"
"POLYGON_Farm_Godot_4_6_2_v1_0_0.zip","polygon-farm-01/Assets/Synty/PolygonFarm/Prefabs/Plants/SM_Prop_Corn_01_Group.tscn","1449"
"POLYGON_Farm_Godot_4_6_2_v1_0_0.zip","polygon-farm-01/Assets/Synty/PolygonFarm/Prefabs/Plants/SM_Prop_Corn_01.tscn","1454"
"POLYGON_Farm_Godot_4_6_2_v1_0_0.zip","polygon-farm-01/Assets/Synty/PolygonFarm/Prefabs/Plants/SM_Prop_Corn_02.tscn","1455"
"POLYGON_Farm_Godot_4_6_2_v1_0_0.zip","polygon-farm-01/Assets/Synty/PolygonFarm/Prefabs/Plants/SM_Prop_Cucumber_01_Group.tscn","1463"
"POLYGON_Farm_Godot_4_6_2_v1_0_0.zip","polygon-farm-01/Assets/Synty/PolygonFarm/Prefabs/Plants/SM_Prop_Cucumber_01_L.tscn","1462"
"POLYGON_Farm_Godot_4_6_2_v1_0_0.zip","polygon-farm-01/Assets/Synty/PolygonFarm/Prefabs/Plants/SM_Prop_Cucumber_01_M.tscn","1460"
"POLYGON_Farm_Godot_4_6_2_v1_0_0.zip","polygon-farm-01/Assets/Synty/PolygonFarm/Prefabs/Plants/SM_Prop_Cucumber_01_S.tscn","1465"
"POLYGON_Farm_Godot_4_6_2_v1_0_0.zip","polygon-farm-01/Assets/Synty/PolygonFarm/Prefabs/Plants/SM_Prop_Cucumber_01.tscn","1471"
"POLYGON_Farm_Godot_4_6_2_v1_0_0.zip","polygon-farm-01/Assets/Synty/PolygonFarm/Prefabs/Plants/SM_Prop_Eggplant_01_Group.tscn","1461"
"POLYGON_Farm_Godot_4_6_2_v1_0_0.zip","polygon-farm-01/Assets/Synty/PolygonFarm/Prefabs/Plants/SM_Prop_Eggplant_01_L.tscn","1473"
"POLYGON_Farm_Godot_4_6_2_v1_0_0.zip","polygon-farm-01/Assets/Synty/PolygonFarm/Prefabs/Plants/SM_Prop_Eggplant_01_M.tscn","1477"
"POLYGON_Farm_Godot_4_6_2_v1_0_0.zip","polygon-farm-01/Assets/Synty/PolygonFarm/Prefabs/Plants/SM_Prop_Eggplant_01_S.tscn","1486"
"POLYGON_Farm_Godot_4_6_2_v1_0_0.zip","polygon-farm-01/Assets/Synty/PolygonFarm/Prefabs/Plants/SM_Prop_Eggplant_01.tscn","1458"
"POLYGON_Farm_Godot_4_6_2_v1_0_0.zip","polygon-farm-01/Assets/Synty/PolygonFarm/Prefabs/Plants/SM_Prop_Hemp_01_L.tscn","701"
"POLYGON_Farm_Godot_4_6_2_v1_0_0.zip","polygon-farm-01/Assets/Synty/PolygonFarm/Prefabs/Plants/SM_Prop_Hemp_01_M.tscn","702"
"POLYGON_Farm_Godot_4_6_2_v1_0_0.zip","polygon-farm-01/Assets/Synty/PolygonFarm/Prefabs/Plants/SM_Prop_Hemp_01_S.tscn","701"
"POLYGON_Farm_Godot_4_6_2_v1_0_0.zip","polygon-farm-01/Assets/Synty/PolygonFarm/Prefabs/Plants/SM_Prop_Lemon_01_Group.tscn","1461"
"POLYGON_Farm_Godot_4_6_2_v1_0_0.zip","polygon-farm-01/Assets/Synty/PolygonFarm/Prefabs/Plants/SM_Prop_Lemon_01.tscn","1467"
"POLYGON_Farm_Godot_4_6_2_v1_0_0.zip","polygon-farm-01/Assets/Synty/PolygonFarm/Prefabs/Plants/SM_Prop_Lettuce_01_L.tscn","1452"
"POLYGON_Farm_Godot_4_6_2_v1_0_0.zip","polygon-farm-01/Assets/Synty/PolygonFarm/Prefabs/Plants/SM_Prop_Lettuce_01_M.tscn","1471"
"POLYGON_Farm_Godot_4_6_2_v1_0_0.zip","polygon-farm-01/Assets/Synty/PolygonFarm/Prefabs/Plants/SM_Prop_Lettuce_01_S.tscn","1475"
"POLYGON_Farm_Godot_4_6_2_v1_0_0.zip","polygon-farm-01/Assets/Synty/PolygonFarm/Prefabs/Plants/SM_Prop_Onion_01_Group.tscn","1474"
"POLYGON_Farm_Godot_4_6_2_v1_0_0.zip","polygon-farm-01/Assets/Synty/PolygonFarm/Prefabs/Plants/SM_Prop_Onion_01_L.tscn","1461"
"POLYGON_Farm_Godot_4_6_2_v1_0_0.zip","polygon-farm-01/Assets/Synty/PolygonFarm/Prefabs/Plants/SM_Prop_Onion_01_M.tscn","1475"
"POLYGON_Farm_Godot_4_6_2_v1_0_0.zip","polygon-farm-01/Assets/Synty/PolygonFarm/Prefabs/Plants/SM_Prop_Onion_01_S.tscn","1498"
"POLYGON_Farm_Godot_4_6_2_v1_0_0.zip","polygon-farm-01/Assets/Synty/PolygonFarm/Prefabs/Plants/SM_Prop_Onion_01.tscn","1463"
"POLYGON_Farm_Godot_4_6_2_v1_0_0.zip","polygon-farm-01/Assets/Synty/PolygonFarm/Prefabs/Plants/SM_Prop_Orange_01_Group.tscn","1471"
"POLYGON_Farm_Godot_4_6_2_v1_0_0.zip","polygon-farm-01/Assets/Synty/PolygonFarm/Prefabs/Plants/SM_Prop_Orange_01.tscn","1465"
"POLYGON_Farm_Godot_4_6_2_v1_0_0.zip","polygon-farm-01/Assets/Synty/PolygonFarm/Prefabs/Plants/SM_Prop_Peach_01_Group.tscn","1470"
"POLYGON_Farm_Godot_4_6_2_v1_0_0.zip","polygon-farm-01/Assets/Synty/PolygonFarm/Prefabs/Plants/SM_Prop_Peach_01.tscn","1466"
"POLYGON_Farm_Godot_4_6_2_v1_0_0.zip","polygon-farm-01/Assets/Synty/PolygonFarm/Prefabs/Plants/SM_Prop_Pear_01_Group.tscn","1475"
"POLYGON_Farm_Godot_4_6_2_v1_0_0.zip","polygon-farm-01/Assets/Synty/PolygonFarm/Prefabs/Plants/SM_Prop_Pear_01.tscn","1459"
"POLYGON_Farm_Godot_4_6_2_v1_0_0.zip","polygon-farm-01/Assets/Synty/PolygonFarm/Prefabs/Plants/SM_Prop_Pepper_01_Group.tscn","1449"
"POLYGON_Farm_Godot_4_6_2_v1_0_0.zip","polygon-farm-01/Assets/Synty/PolygonFarm/Prefabs/Plants/SM_Prop_Pepper_01_L.tscn","1476"
"POLYGON_Farm_Godot_4_6_2_v1_0_0.zip","polygon-farm-01/Assets/Synty/PolygonFarm/Prefabs/Plants/SM_Prop_Pepper_01_M.tscn","1498"
"POLYGON_Farm_Godot_4_6_2_v1_0_0.zip","polygon-farm-01/Assets/Synty/PolygonFarm/Prefabs/Plants/SM_Prop_Pepper_01_S.tscn","1499"
"POLYGON_Farm_Godot_4_6_2_v1_0_0.zip","polygon-farm-01/Assets/Synty/PolygonFarm/Prefabs/Plants/SM_Prop_Pepper_01.tscn","1456"
"POLYGON_Farm_Godot_4_6_2_v1_0_0.zip","polygon-farm-01/Assets/Synty/PolygonFarm/Prefabs/Plants/SM_Prop_Plant_Bush_01_Bean.tscn","719"
"POLYGON_Farm_Godot_4_6_2_v1_0_0.zip","polygon-farm-01/Assets/Synty/PolygonFarm/Prefabs/Plants/SM_Prop_Plant_Bush_01_L.tscn","713"
"POLYGON_Farm_Godot_4_6_2_v1_0_0.zip","polygon-farm-01/Assets/Synty/PolygonFarm/Prefabs/Plants/SM_Prop_Plant_Bush_01_M.tscn","713"
"POLYGON_Farm_Godot_4_6_2_v1_0_0.zip","polygon-farm-01/Assets/Synty/PolygonFarm/Prefabs/Plants/SM_Prop_Plant_Bush_01_Pepper.tscn","723"
"POLYGON_Farm_Godot_4_6_2_v1_0_0.zip","polygon-farm-01/Assets/Synty/PolygonFarm/Prefabs/Plants/SM_Prop_Plant_Bush_01_S.tscn","713"
"POLYGON_Farm_Godot_4_6_2_v1_0_0.zip","polygon-farm-01/Assets/Synty/PolygonFarm/Prefabs/Plants/SM_Prop_Plant_Bush_02_L.tscn","713"
"POLYGON_Farm_Godot_4_6_2_v1_0_0.zip","polygon-farm-01/Assets/Synty/PolygonFarm/Prefabs/Plants/SM_Prop_Plant_Bush_02_M.tscn","713"
"POLYGON_Farm_Godot_4_6_2_v1_0_0.zip","polygon-farm-01/Assets/Synty/PolygonFarm/Prefabs/Plants/SM_Prop_Plant_Bush_02_S.tscn","713"
"POLYGON_Farm_Godot_4_6_2_v1_0_0.zip","polygon-farm-01/Assets/Synty/PolygonFarm/Prefabs/Plants/SM_Prop_Plant_Bush_02_Tomato.tscn","724"
"POLYGON_Farm_Godot_4_6_2_v1_0_0.zip","polygon-farm-01/Assets/Synty/PolygonFarm/Prefabs/Plants/SM_Prop_Plant_Bush_03_Chilli.tscn","722"
"POLYGON_Farm_Godot_4_6_2_v1_0_0.zip","polygon-farm-01/Assets/Synty/PolygonFarm/Prefabs/Plants/SM_Prop_Plant_Bush_03_L.tscn","711"
"POLYGON_Farm_Godot_4_6_2_v1_0_0.zip","polygon-farm-01/Assets/Synty/PolygonFarm/Prefabs/Plants/SM_Prop_Plant_Bush_03_M.tscn","713"
"POLYGON_Farm_Godot_4_6_2_v1_0_0.zip","polygon-farm-01/Assets/Synty/PolygonFarm/Prefabs/Plants/SM_Prop_Plant_Bush_03_S.tscn","714"
"POLYGON_Farm_Godot_4_6_2_v1_0_0.zip","polygon-farm-01/Assets/Synty/PolygonFarm/Prefabs/Plants/SM_Prop_Plant_Corn_01_L.tscn","521"
"POLYGON_Farm_Godot_4_6_2_v1_0_0.zip","polygon-farm-01/Assets/Synty/PolygonFarm/Prefabs/Plants/SM_Prop_Plant_Corn_01_M.tscn","521"
"POLYGON_Farm_Godot_4_6_2_v1_0_0.zip","polygon-farm-01/Assets/Synty/PolygonFarm/Prefabs/Plants/SM_Prop_Plant_Corn_01_S.tscn","519"
"POLYGON_Farm_Godot_4_6_2_v1_0_0.zip","polygon-farm-01/Assets/Synty/PolygonFarm/Prefabs/Plants/SM_Prop_Plant_Corn_01.tscn","516"
"POLYGON_Farm_Godot_4_6_2_v1_0_0.zip","polygon-farm-01/Assets/Synty/PolygonFarm/Prefabs/Plants/SM_Prop_Plant_Ground_01_L.tscn","525"
"POLYGON_Farm_Godot_4_6_2_v1_0_0.zip","polygon-farm-01/Assets/Synty/PolygonFarm/Prefabs/Plants/SM_Prop_Plant_Ground_01_L2.tscn","527"
"POLYGON_Farm_Godot_4_6_2_v1_0_0.zip","polygon-farm-01/Assets/Synty/PolygonFarm/Prefabs/Plants/SM_Prop_Plant_Ground_01_M.tscn","524"
"POLYGON_Farm_Godot_4_6_2_v1_0_0.zip","polygon-farm-01/Assets/Synty/PolygonFarm/Prefabs/Plants/SM_Prop_Plant_Ground_01_S.tscn","524"
"POLYGON_Farm_Godot_4_6_2_v1_0_0.zip","polygon-farm-01/Assets/Synty/PolygonFarm/Prefabs/Plants/SM_Prop_Plant_Ground_02_L.tscn","524"
"POLYGON_Farm_Godot_4_6_2_v1_0_0.zip","polygon-farm-01/Assets/Synty/PolygonFarm/Prefabs/Plants/SM_Prop_Plant_Ground_02_L2.tscn","527"
"POLYGON_Farm_Godot_4_6_2_v1_0_0.zip","polygon-farm-01/Assets/Synty/PolygonFarm/Prefabs/Plants/SM_Prop_Plant_Ground_02_M.tscn","524"
"POLYGON_Farm_Godot_4_6_2_v1_0_0.zip","polygon-farm-01/Assets/Synty/PolygonFarm/Prefabs/Plants/SM_Prop_Plant_Ground_02_S.tscn","525"
"POLYGON_Farm_Godot_4_6_2_v1_0_0.zip","polygon-farm-01/Assets/Synty/PolygonFarm/Prefabs/Plants/SM_Prop_Plant_Ground_03_L.tscn","524"
"POLYGON_Farm_Godot_4_6_2_v1_0_0.zip","polygon-farm-01/Assets/Synty/PolygonFarm/Prefabs/Plants/SM_Prop_Plant_Ground_03_L2.tscn","527"
"POLYGON_Farm_Godot_4_6_2_v1_0_0.zip","polygon-farm-01/Assets/Synty/PolygonFarm/Prefabs/Plants/SM_Prop_Plant_Ground_03_M.tscn","523"
"POLYGON_Farm_Godot_4_6_2_v1_0_0.zip","polygon-farm-01/Assets/Synty/PolygonFarm/Prefabs/Plants/SM_Prop_Plant_Ground_03_S.tscn","525"
"POLYGON_Farm_Godot_4_6_2_v1_0_0.zip","polygon-farm-01/Assets/Synty/PolygonFarm/Prefabs/Plants/SM_Prop_Plant_Potato_01_L.tscn","717"
"POLYGON_Farm_Godot_4_6_2_v1_0_0.zip","polygon-farm-01/Assets/Synty/PolygonFarm/Prefabs/Plants/SM_Prop_Plant_Potato_01_M.tscn","718"
"POLYGON_Farm_Godot_4_6_2_v1_0_0.zip","polygon-farm-01/Assets/Synty/PolygonFarm/Prefabs/Plants/SM_Prop_Plant_Potato_01_S.tscn","718"
"POLYGON_Farm_Godot_4_6_2_v1_0_0.zip","polygon-farm-01/Assets/Synty/PolygonFarm/Prefabs/Plants/SM_Prop_Plant_Strawberry_01.tscn","720"
"POLYGON_Farm_Godot_4_6_2_v1_0_0.zip","polygon-farm-01/Assets/Synty/PolygonFarm/Prefabs/Plants/SM_Prop_Plant_Wheat_01.tscn","517"
"POLYGON_Farm_Godot_4_6_2_v1_0_0.zip","polygon-farm-01/Assets/Synty/PolygonFarm/Prefabs/Plants/SM_Prop_Plant_Wheat_02.tscn","518"
"POLYGON_Farm_Godot_4_6_2_v1_0_0.zip","polygon-farm-01/Assets/Synty/PolygonFarm/Prefabs/Plants/SM_Prop_Plant_Wheat_03.tscn","517"
"POLYGON_Farm_Godot_4_6_2_v1_0_0.zip","polygon-farm-01/Assets/Synty/PolygonFarm/Prefabs/Plants/SM_Prop_Plant_Wheat_04.tscn","517"
"POLYGON_Farm_Godot_4_6_2_v1_0_0.zip","polygon-farm-01/Assets/Synty/PolygonFarm/Prefabs/Plants/SM_Prop_Plant_Wheat_Cut_01.tscn","527"
"POLYGON_Farm_Godot_4_6_2_v1_0_0.zip","polygon-farm-01/Assets/Synty/PolygonFarm/Prefabs/Plants/SM_Prop_Plant_Wheat_Cut_02.tscn","525"
"POLYGON_Farm_Godot_4_6_2_v1_0_0.zip","polygon-farm-01/Assets/Synty/PolygonFarm/Prefabs/Plants/SM_Prop_Plant_Wheat_Optimised_01.tscn","539"
"POLYGON_Farm_Godot_4_6_2_v1_0_0.zip","polygon-farm-01/Assets/Synty/PolygonFarm/Prefabs/Plants/SM_Prop_Plant_Wheat_Optimised_02.tscn","538"
"POLYGON_Farm_Godot_4_6_2_v1_0_0.zip","polygon-farm-01/Assets/Synty/PolygonFarm/Prefabs/Plants/SM_Prop_Plant_Wheat_Optimised_03.tscn","539"
"POLYGON_Farm_Godot_4_6_2_v1_0_0.zip","polygon-farm-01/Assets/Synty/PolygonFarm/Prefabs/Plants/SM_Prop_Plant_Wheat_Optimised_04.tscn","538"
"POLYGON_Farm_Godot_4_6_2_v1_0_0.zip","polygon-farm-01/Assets/Synty/PolygonFarm/Prefabs/Plants/SM_Prop_Plum_01_Group.tscn","1468"
"POLYGON_Farm_Godot_4_6_2_v1_0_0.zip","polygon-farm-01/Assets/Synty/PolygonFarm/Prefabs/Plants/SM_Prop_Plum_01.tscn","1465"
"POLYGON_Farm_Godot_4_6_2_v1_0_0.zip","polygon-farm-01/Assets/Synty/PolygonFarm/Prefabs/Plants/SM_Prop_Potato_01_Group.tscn","1463"
"POLYGON_Farm_Godot_4_6_2_v1_0_0.zip","polygon-farm-01/Assets/Synty/PolygonFarm/Prefabs/Plants/SM_Prop_Potato_01.tscn","1472"
"POLYGON_Farm_Godot_4_6_2_v1_0_0.zip","polygon-farm-01/Assets/Synty/PolygonFarm/Prefabs/Plants/SM_Prop_Potato_02.tscn","1474"
"POLYGON_Farm_Godot_4_6_2_v1_0_0.zip","polygon-farm-01/Assets/Synty/PolygonFarm/Prefabs/Plants/SM_Prop_Pumpkin_01_L.tscn","1441"
"POLYGON_Farm_Godot_4_6_2_v1_0_0.zip","polygon-farm-01/Assets/Synty/PolygonFarm/Prefabs/Plants/SM_Prop_Pumpkin_01_M.tscn","1455"
"POLYGON_Farm_Godot_4_6_2_v1_0_0.zip","polygon-farm-01/Assets/Synty/PolygonFarm/Prefabs/Plants/SM_Prop_Pumpkin_01_S.tscn","1478"
"POLYGON_Farm_Godot_4_6_2_v1_0_0.zip","polygon-farm-01/Assets/Synty/PolygonFarm/Prefabs/Plants/SM_Prop_Pumpkin_01.tscn","1441"
"POLYGON_Farm_Godot_4_6_2_v1_0_0.zip","polygon-farm-01/Assets/Synty/PolygonFarm/Prefabs/Plants/SM_Prop_Pumpkin_Italian_01_L.tscn","1473"
"POLYGON_Farm_Godot_4_6_2_v1_0_0.zip","polygon-farm-01/Assets/Synty/PolygonFarm/Prefabs/Plants/SM_Prop_Pumpkin_Italian_01_M.tscn","1475"
"POLYGON_Farm_Godot_4_6_2_v1_0_0.zip","polygon-farm-01/Assets/Synty/PolygonFarm/Prefabs/Plants/SM_Prop_Pumpkin_Italian_01_S.tscn","1485"
"POLYGON_Farm_Godot_4_6_2_v1_0_0.zip","polygon-farm-01/Assets/Synty/PolygonFarm/Prefabs/Plants/SM_Prop_Pumpkin_Italian_01.tscn","1451"
"POLYGON_Farm_Godot_4_6_2_v1_0_0.zip","polygon-farm-01/Assets/Synty/PolygonFarm/Prefabs/Plants/SM_Prop_Pumpkin_White_01_L.tscn","1460"
"POLYGON_Farm_Godot_4_6_2_v1_0_0.zip","polygon-farm-01/Assets/Synty/PolygonFarm/Prefabs/Plants/SM_Prop_Pumpkin_White_01_M.tscn","1472"
"POLYGON_Farm_Godot_4_6_2_v1_0_0.zip","polygon-farm-01/Assets/Synty/PolygonFarm/Prefabs/Plants/SM_Prop_Pumpkin_White_01_S.tscn","1482"
"POLYGON_Farm_Godot_4_6_2_v1_0_0.zip","polygon-farm-01/Assets/Synty/PolygonFarm/Prefabs/Plants/SM_Prop_Pumpkin_White_01.tscn","1454"
"POLYGON_Farm_Godot_4_6_2_v1_0_0.zip","polygon-farm-01/Assets/Synty/PolygonFarm/Prefabs/Plants/SM_Prop_Squash_Butternut_01_L.tscn","1464"
"POLYGON_Farm_Godot_4_6_2_v1_0_0.zip","polygon-farm-01/Assets/Synty/PolygonFarm/Prefabs/Plants/SM_Prop_Squash_Butternut_01_M.tscn","1472"
"POLYGON_Farm_Godot_4_6_2_v1_0_0.zip","polygon-farm-01/Assets/Synty/PolygonFarm/Prefabs/Plants/SM_Prop_Squash_Butternut_01_S.tscn","1483"
"POLYGON_Farm_Godot_4_6_2_v1_0_0.zip","polygon-farm-01/Assets/Synty/PolygonFarm/Prefabs/Plants/SM_Prop_Squash_Butternut_01.tscn","1469"
"POLYGON_Farm_Godot_4_6_2_v1_0_0.zip","polygon-farm-01/Assets/Synty/PolygonFarm/Prefabs/Plants/SM_Prop_Squash_Delicata_01_L.tscn","1455"
"POLYGON_Farm_Godot_4_6_2_v1_0_0.zip","polygon-farm-01/Assets/Synty/PolygonFarm/Prefabs/Plants/SM_Prop_Squash_Delicata_01_M.tscn","1467"
"POLYGON_Farm_Godot_4_6_2_v1_0_0.zip","polygon-farm-01/Assets/Synty/PolygonFarm/Prefabs/Plants/SM_Prop_Squash_Delicata_01_S.tscn","1474"
"POLYGON_Farm_Godot_4_6_2_v1_0_0.zip","polygon-farm-01/Assets/Synty/PolygonFarm/Prefabs/Plants/SM_Prop_Squash_Delicata_01.tscn","1472"
"POLYGON_Farm_Godot_4_6_2_v1_0_0.zip","polygon-farm-01/Assets/Synty/PolygonFarm/Prefabs/Plants/SM_Prop_Strawberry_01_Group.tscn","1476"
"POLYGON_Farm_Godot_4_6_2_v1_0_0.zip","polygon-farm-01/Assets/Synty/PolygonFarm/Prefabs/Plants/SM_Prop_Strawberry_01_L.tscn","1492"
"POLYGON_Farm_Godot_4_6_2_v1_0_0.zip","polygon-farm-01/Assets/Synty/PolygonFarm/Prefabs/Plants/SM_Prop_Strawberry_01_M.tscn","1511"
"POLYGON_Farm_Godot_4_6_2_v1_0_0.zip","polygon-farm-01/Assets/Synty/PolygonFarm/Prefabs/Plants/SM_Prop_Strawberry_01_S.tscn","1516"
"POLYGON_Farm_Godot_4_6_2_v1_0_0.zip","polygon-farm-01/Assets/Synty/PolygonFarm/Prefabs/Plants/SM_Prop_Strawberry_01.tscn","1493"
"POLYGON_Farm_Godot_4_6_2_v1_0_0.zip","polygon-farm-01/Assets/Synty/PolygonFarm/Prefabs/Plants/SM_Prop_Sunflower_01.tscn","511"
"POLYGON_Farm_Godot_4_6_2_v1_0_0.zip","polygon-farm-01/Assets/Synty/PolygonFarm/Prefabs/Plants/SM_Prop_Sunflower_02.tscn","514"
"POLYGON_Farm_Godot_4_6_2_v1_0_0.zip","polygon-farm-01/Assets/Synty/PolygonFarm/Prefabs/Plants/SM_Prop_Tomato_01_Group.tscn","1470"
"POLYGON_Farm_Godot_4_6_2_v1_0_0.zip","polygon-farm-01/Assets/Synty/PolygonFarm/Prefabs/Plants/SM_Prop_Tomato_01_L.tscn","1473"
"POLYGON_Farm_Godot_4_6_2_v1_0_0.zip","polygon-farm-01/Assets/Synty/PolygonFarm/Prefabs/Plants/SM_Prop_Tomato_01_M.tscn","1472"
"POLYGON_Farm_Godot_4_6_2_v1_0_0.zip","polygon-farm-01/Assets/Synty/PolygonFarm/Prefabs/Plants/SM_Prop_Tomato_01_S.tscn","1486"
"POLYGON_Farm_Godot_4_6_2_v1_0_0.zip","polygon-farm-01/Assets/Synty/PolygonFarm/Prefabs/Plants/SM_Prop_Tomato_01.tscn","1478"
"POLYGON_Farm_Godot_4_6_2_v1_0_0.zip","polygon-farm-01/Assets/Synty/PolygonFarm/Prefabs/Plants/SM_Prop_Watermelon_01_L.tscn","1459"
"POLYGON_Farm_Godot_4_6_2_v1_0_0.zip","polygon-farm-01/Assets/Synty/PolygonFarm/Prefabs/Plants/SM_Prop_Watermelon_01_M.tscn","1455"
"POLYGON_Farm_Godot_4_6_2_v1_0_0.zip","polygon-farm-01/Assets/Synty/PolygonFarm/Prefabs/Plants/SM_Prop_Watermelon_01_S.tscn","1478"
"POLYGON_Farm_Godot_4_6_2_v1_0_0.zip","polygon-farm-01/Assets/Synty/PolygonFarm/Prefabs/Plants/SM_Prop_Watermelon_01.tscn","1455"
"POLYGON_Farm_Godot_4_6_2_v1_0_0.zip","polygon-farm-01/Assets/Synty/PolygonFarm/Prefabs/Props/SM_Prop_Anvil_01.tscn","1406"
"POLYGON_Farm_Godot_4_6_2_v1_0_0.zip","polygon-farm-01/Assets/Synty/PolygonFarm/Prefabs/Props/SM_Prop_Barrel_01.tscn","1424"
"POLYGON_Farm_Godot_4_6_2_v1_0_0.zip","polygon-farm-01/Assets/Synty/PolygonFarm/Prefabs/Props/SM_Prop_Barrel_02.tscn","1428"
"POLYGON_Farm_Godot_4_6_2_v1_0_0.zip","polygon-farm-01/Assets/Synty/PolygonFarm/Prefabs/Props/SM_Prop_Barrel_Half_01.tscn","1442"
"POLYGON_Farm_Godot_4_6_2_v1_0_0.zip","polygon-farm-01/Assets/Synty/PolygonFarm/Prefabs/Props/SM_Prop_Bed_01.tscn","1577"
"POLYGON_Farm_Godot_4_6_2_v1_0_0.zip","polygon-farm-01/Assets/Synty/PolygonFarm/Prefabs/Props/SM_Prop_Beehive_01.tscn","921"
"POLYGON_Farm_Godot_4_6_2_v1_0_0.zip","polygon-farm-01/Assets/Synty/PolygonFarm/Prefabs/Props/SM_Prop_Beehive_02.tscn","911"
"POLYGON_Farm_Godot_4_6_2_v1_0_0.zip","polygon-farm-01/Assets/Synty/PolygonFarm/Prefabs/Props/SM_Prop_Beehive_03.tscn","904"
"POLYGON_Farm_Godot_4_6_2_v1_0_0.zip","polygon-farm-01/Assets/Synty/PolygonFarm/Prefabs/Props/SM_Prop_Beehive_04.tscn","915"
"POLYGON_Farm_Godot_4_6_2_v1_0_0.zip","polygon-farm-01/Assets/Synty/PolygonFarm/Prefabs/Props/SM_Prop_Beehive_05.tscn","897"
"POLYGON_Farm_Godot_4_6_2_v1_0_0.zip","polygon-farm-01/Assets/Synty/PolygonFarm/Prefabs/Props/SM_Prop_Beehive_06.tscn","914"
"POLYGON_Farm_Godot_4_6_2_v1_0_0.zip","polygon-farm-01/Assets/Synty/PolygonFarm/Prefabs/Props/SM_Prop_Bench_01.tscn","1425"
"POLYGON_Farm_Godot_4_6_2_v1_0_0.zip","polygon-farm-01/Assets/Synty/PolygonFarm/Prefabs/Props/SM_Prop_Can_01.tscn","1462"
"POLYGON_Farm_Godot_4_6_2_v1_0_0.zip","polygon-farm-01/Assets/Synty/PolygonFarm/Prefabs/Props/SM_Prop_Can_02.tscn","1454"
"POLYGON_Farm_Godot_4_6_2_v1_0_0.zip","polygon-farm-01/Assets/Synty/PolygonFarm/Prefabs/Props/SM_Prop_ChainSaw_01.tscn","1507"
"POLYGON_Farm_Godot_4_6_2_v1_0_0.zip","polygon-farm-01/Assets/Synty/PolygonFarm/Prefabs/Props/SM_Prop_Chair_01.tscn","1282"
"POLYGON_Farm_Godot_4_6_2_v1_0_0.zip","polygon-farm-01/Assets/Synty/PolygonFarm/Prefabs/Props/SM_Prop_Chair_Rocking_01.tscn","1430"
"POLYGON_Farm_Godot_4_6_2_v1_0_0.zip","polygon-farm-01/Assets/Synty/PolygonFarm/Prefabs/Props/SM_Prop_Chicken_Coop_01.tscn","1430"
"POLYGON_Farm_Godot_4_6_2_v1_0_0.zip","polygon-farm-01/Assets/Synty/PolygonFarm/Prefabs/Props/SM_Prop_Chicken_Coop_Cage_01.tscn","1638"
"POLYGON_Farm_Godot_4_6_2_v1_0_0.zip","polygon-farm-01/Assets/Synty/PolygonFarm/Prefabs/Props/SM_Prop_ClothesLine_01.tscn","1406"
"POLYGON_Farm_Godot_4_6_2_v1_0_0.zip","polygon-farm-01/Assets/Synty/PolygonFarm/Prefabs/Props/SM_Prop_ClothesLine_02.tscn","1405"
"POLYGON_Farm_Godot_4_6_2_v1_0_0.zip","polygon-farm-01/Assets/Synty/PolygonFarm/Prefabs/Props/SM_Prop_ClothesLine_03.tscn","3047"
"POLYGON_Farm_Godot_4_6_2_v1_0_0.zip","polygon-farm-01/Assets/Synty/PolygonFarm/Prefabs/Props/SM_Prop_Crate_01.tscn","909"
"POLYGON_Farm_Godot_4_6_2_v1_0_0.zip","polygon-farm-01/Assets/Synty/PolygonFarm/Prefabs/Props/SM_Prop_Fence_Fancy_01.tscn","929"
"POLYGON_Farm_Godot_4_6_2_v1_0_0.zip","polygon-farm-01/Assets/Synty/PolygonFarm/Prefabs/Props/SM_Prop_Fence_Fancy_02.tscn","926"
"POLYGON_Farm_Godot_4_6_2_v1_0_0.zip","polygon-farm-01/Assets/Synty/PolygonFarm/Prefabs/Props/SM_Prop_Fence_Fancy_03.tscn","927"
"POLYGON_Farm_Godot_4_6_2_v1_0_0.zip","polygon-farm-01/Assets/Synty/PolygonFarm/Prefabs/Props/SM_Prop_Fence_Fancy_Gate_01.tscn","3134"
"POLYGON_Farm_Godot_4_6_2_v1_0_0.zip","polygon-farm-01/Assets/Synty/PolygonFarm/Prefabs/Props/SM_Prop_Fence_Fancy_Gate_02.tscn","2199"
"POLYGON_Farm_Godot_4_6_2_v1_0_0.zip","polygon-farm-01/Assets/Synty/PolygonFarm/Prefabs/Props/SM_Prop_Fence_Fancy_Pole_01.tscn","919"
"POLYGON_Farm_Godot_4_6_2_v1_0_0.zip","polygon-farm-01/Assets/Synty/PolygonFarm/Prefabs/Props/SM_Prop_Fence_Fancy_Pole_02.tscn","919"
"POLYGON_Farm_Godot_4_6_2_v1_0_0.zip","polygon-farm-01/Assets/Synty/PolygonFarm/Prefabs/Props/SM_Prop_Fence_Fancy_Pole_03.tscn","931"
"POLYGON_Farm_Godot_4_6_2_v1_0_0.zip","polygon-farm-01/Assets/Synty/PolygonFarm/Prefabs/Props/SM_Prop_Fence_Fancy_Pole_Spike_01.tscn","933"
"POLYGON_Farm_Godot_4_6_2_v1_0_0.zip","polygon-farm-01/Assets/Synty/PolygonFarm/Prefabs/Props/SM_Prop_Fence_Fancy_Pole_Spike_02.tscn","932"
"POLYGON_Farm_Godot_4_6_2_v1_0_0.zip","polygon-farm-01/Assets/Synty/PolygonFarm/Prefabs/Props/SM_Prop_Fence_Painted_01.tscn","914"
"POLYGON_Farm_Godot_4_6_2_v1_0_0.zip","polygon-farm-01/Assets/Synty/PolygonFarm/Prefabs/Props/SM_Prop_Fence_Painted_02.tscn","912"
"POLYGON_Farm_Godot_4_6_2_v1_0_0.zip","polygon-farm-01/Assets/Synty/PolygonFarm/Prefabs/Props/SM_Prop_Fence_Painted_Pole_01.tscn","935"
"POLYGON_Farm_Godot_4_6_2_v1_0_0.zip","polygon-farm-01/Assets/Synty/PolygonFarm/Prefabs/Props/SM_Prop_Fence_Painted_Pole_02.tscn","934"
"POLYGON_Farm_Godot_4_6_2_v1_0_0.zip","polygon-farm-01/Assets/Synty/PolygonFarm/Prefabs/Props/SM_Prop_Fence_Wire_01.tscn","1434"
"POLYGON_Farm_Godot_4_6_2_v1_0_0.zip","polygon-farm-01/Assets/Synty/PolygonFarm/Prefabs/Props/SM_Prop_Fence_Wire_02.tscn","1414"
"POLYGON_Farm_Godot_4_6_2_v1_0_0.zip","polygon-farm-01/Assets/Synty/PolygonFarm/Prefabs/Props/SM_Prop_Fence_Wire_03.tscn","993"
"POLYGON_Farm_Godot_4_6_2_v1_0_0.zip","polygon-farm-01/Assets/Synty/PolygonFarm/Prefabs/Props/SM_Prop_Fence_Wire_04.tscn","1067"
"POLYGON_Farm_Godot_4_6_2_v1_0_0.zip","polygon-farm-01/Assets/Synty/PolygonFarm/Prefabs/Props/SM_Prop_Fence_Wire_Gate_01.tscn","1361"
"POLYGON_Farm_Godot_4_6_2_v1_0_0.zip","polygon-farm-01/Assets/Synty/PolygonFarm/Prefabs/Props/SM_Prop_Fence_Wire_Pole_01.tscn","917"
"POLYGON_Farm_Godot_4_6_2_v1_0_0.zip","polygon-farm-01/Assets/Synty/PolygonFarm/Prefabs/Props/SM_Prop_Fence_Wood_01.tscn","913"
"POLYGON_Farm_Godot_4_6_2_v1_0_0.zip","polygon-farm-01/Assets/Synty/PolygonFarm/Prefabs/Props/SM_Prop_Fence_Wood_02.tscn","915"
"POLYGON_Farm_Godot_4_6_2_v1_0_0.zip","polygon-farm-01/Assets/Synty/PolygonFarm/Prefabs/Props/SM_Prop_Fence_Wood_03.tscn","915"
"POLYGON_Farm_Godot_4_6_2_v1_0_0.zip","polygon-farm-01/Assets/Synty/PolygonFarm/Prefabs/Props/SM_Prop_Fence_Wood_Gate_01.tscn","2171"
"POLYGON_Farm_Godot_4_6_2_v1_0_0.zip","polygon-farm-01/Assets/Synty/PolygonFarm/Prefabs/Props/SM_Prop_Fence_Wood_Pole_01.tscn","932"
"POLYGON_Farm_Godot_4_6_2_v1_0_0.zip","polygon-farm-01/Assets/Synty/PolygonFarm/Prefabs/Props/SM_Prop_Fence_Wood_Pole_02.tscn","917"
"POLYGON_Farm_Godot_4_6_2_v1_0_0.zip","polygon-farm-01/Assets/Synty/PolygonFarm/Prefabs/Props/SM_Prop_Fence_Wood_Pole_Inset_01.tscn","938"
"POLYGON_Farm_Godot_4_6_2_v1_0_0.zip","polygon-farm-01/Assets/Synty/PolygonFarm/Prefabs/Props/SM_Prop_Fence_Wood_Round_01.tscn","1424"
"POLYGON_Farm_Godot_4_6_2_v1_0_0.zip","polygon-farm-01/Assets/Synty/PolygonFarm/Prefabs/Props/SM_Prop_Fence_Wood_Round_02.tscn","1427"
"POLYGON_Farm_Godot_4_6_2_v1_0_0.zip","polygon-farm-01/Assets/Synty/PolygonFarm/Prefabs/Props/SM_Prop_Fence_Wood_Round_Inset_01.tscn","1444"
"POLYGON_Farm_Godot_4_6_2_v1_0_0.zip","polygon-farm-01/Assets/Synty/PolygonFarm/Prefabs/Props/SM_Prop_Fence_Wood_Round_Pole_01.tscn","930"
"POLYGON_Farm_Godot_4_6_2_v1_0_0.zip","polygon-farm-01/Assets/Synty/PolygonFarm/Prefabs/Props/SM_Prop_GasCan_01.tscn","1432"
"POLYGON_Farm_Godot_4_6_2_v1_0_0.zip","polygon-farm-01/Assets/Synty/PolygonFarm/Prefabs/Props/SM_Prop_Gastank_01.tscn","1413"
"POLYGON_Farm_Godot_4_6_2_v1_0_0.zip","polygon-farm-01/Assets/Synty/PolygonFarm/Prefabs/Props/SM_Prop_GrainBag_01.tscn","1437"
"POLYGON_Farm_Godot_4_6_2_v1_0_0.zip","polygon-farm-01/Assets/Synty/PolygonFarm/Prefabs/Props/SM_Prop_GrainBag_Open_01.tscn","1457"
"POLYGON_Farm_Godot_4_6_2_v1_0_0.zip","polygon-farm-01/Assets/Synty/PolygonFarm/Prefabs/Props/SM_Prop_GrainBag_Open_02.tscn","1450"
"POLYGON_Farm_Godot_4_6_2_v1_0_0.zip","polygon-farm-01/Assets/Synty/PolygonFarm/Prefabs/Props/SM_Prop_Hay_Bale_Round_01_Green.tscn","1448"
"POLYGON_Farm_Godot_4_6_2_v1_0_0.zip","polygon-farm-01/Assets/Synty/PolygonFarm/Prefabs/Props/SM_Prop_Hay_Bale_Round_01.tscn","1436"
"POLYGON_Farm_Godot_4_6_2_v1_0_0.zip","polygon-farm-01/Assets/Synty/PolygonFarm/Prefabs/Props/SM_Prop_Hay_Bale_Round_02_Green.tscn","1452"
"POLYGON_Farm_Godot_4_6_2_v1_0_0.zip","polygon-farm-01/Assets/Synty/PolygonFarm/Prefabs/Props/SM_Prop_Hay_Bale_Round_02.tscn","1442"
"POLYGON_Farm_Godot_4_6_2_v1_0_0.zip","polygon-farm-01/Assets/Synty/PolygonFarm/Prefabs/Props/SM_Prop_Hay_Bale_Round_Plastic_01.tscn","1457"
"POLYGON_Farm_Godot_4_6_2_v1_0_0.zip","polygon-farm-01/Assets/Synty/PolygonFarm/Prefabs/Props/SM_Prop_Hay_Bale_Square_01_Green.tscn","1454"
"POLYGON_Farm_Godot_4_6_2_v1_0_0.zip","polygon-farm-01/Assets/Synty/PolygonFarm/Prefabs/Props/SM_Prop_Hay_Bale_Square_01.tscn","1441"
"POLYGON_Farm_Godot_4_6_2_v1_0_0.zip","polygon-farm-01/Assets/Synty/PolygonFarm/Prefabs/Props/SM_Prop_Hay_Bale_Square_02_Green.tscn","1453"
"POLYGON_Farm_Godot_4_6_2_v1_0_0.zip","polygon-farm-01/Assets/Synty/PolygonFarm/Prefabs/Props/SM_Prop_Hay_Bale_Square_02.tscn","1440"
"POLYGON_Farm_Godot_4_6_2_v1_0_0.zip","polygon-farm-01/Assets/Synty/PolygonFarm/Prefabs/Props/SM_Prop_Hay_Bale_Square_03_Green.tscn","1450"
"POLYGON_Farm_Godot_4_6_2_v1_0_0.zip","polygon-farm-01/Assets/Synty/PolygonFarm/Prefabs/Props/SM_Prop_Hay_Bale_Square_03.tscn","1438"
"POLYGON_Farm_Godot_4_6_2_v1_0_0.zip","polygon-farm-01/Assets/Synty/PolygonFarm/Prefabs/Props/SM_Prop_Hay_Bale_Square_Plastic_01.tscn","1453"
"POLYGON_Farm_Godot_4_6_2_v1_0_0.zip","polygon-farm-01/Assets/Synty/PolygonFarm/Prefabs/Props/SM_Prop_Hay_Pile_01_Green.tscn","1427"
"POLYGON_Farm_Godot_4_6_2_v1_0_0.zip","polygon-farm-01/Assets/Synty/PolygonFarm/Prefabs/Props/SM_Prop_Hay_Pile_01.tscn","1413"
"POLYGON_Farm_Godot_4_6_2_v1_0_0.zip","polygon-farm-01/Assets/Synty/PolygonFarm/Prefabs/Props/SM_Prop_Hay_Pile_02_Green.tscn","1424"
"POLYGON_Farm_Godot_4_6_2_v1_0_0.zip","polygon-farm-01/Assets/Synty/PolygonFarm/Prefabs/Props/SM_Prop_Hay_Pile_02.tscn","1411"
"POLYGON_Farm_Godot_4_6_2_v1_0_0.zip","polygon-farm-01/Assets/Synty/PolygonFarm/Prefabs/Props/SM_Prop_Horse_Jump_01.tscn","1970"
"POLYGON_Farm_Godot_4_6_2_v1_0_0.zip","polygon-farm-01/Assets/Synty/PolygonFarm/Prefabs/Props/SM_Prop_Horse_Jump_02.tscn","1969"
"POLYGON_Farm_Godot_4_6_2_v1_0_0.zip","polygon-farm-01/Assets/Synty/PolygonFarm/Prefabs/Props/SM_Prop_Horse_Jump_03.tscn","1973"
"POLYGON_Farm_Godot_4_6_2_v1_0_0.zip","polygon-farm-01/Assets/Synty/PolygonFarm/Prefabs/Props/SM_Prop_LetterBox_01.tscn","1436"
"POLYGON_Farm_Godot_4_6_2_v1_0_0.zip","polygon-farm-01/Assets/Synty/PolygonFarm/Prefabs/Props/SM_Prop_LetterBox_02.tscn","1429"
"POLYGON_Farm_Godot_4_6_2_v1_0_0.zip","polygon-farm-01/Assets/Synty/PolygonFarm/Prefabs/Props/SM_Prop_LetterBox_03.tscn","1432"
"POLYGON_Farm_Godot_4_6_2_v1_0_0.zip","polygon-farm-01/Assets/Synty/PolygonFarm/Prefabs/Props/SM_Prop_LetterBox_04.tscn","1430"
"POLYGON_Farm_Godot_4_6_2_v1_0_0.zip","polygon-farm-01/Assets/Synty/PolygonFarm/Prefabs/Props/SM_Prop_LetterBox_05.tscn","1427"
"POLYGON_Farm_Godot_4_6_2_v1_0_0.zip","polygon-farm-01/Assets/Synty/PolygonFarm/Prefabs/Props/SM_Prop_LetterBox_06.tscn","1439"
"POLYGON_Farm_Godot_4_6_2_v1_0_0.zip","polygon-farm-01/Assets/Synty/PolygonFarm/Prefabs/Props/SM_Prop_LetterBox_07.tscn","1433"
"POLYGON_Farm_Godot_4_6_2_v1_0_0.zip","polygon-farm-01/Assets/Synty/PolygonFarm/Prefabs/Props/SM_Prop_LetterBox_Generic_01.tscn","1891"
"POLYGON_Farm_Godot_4_6_2_v1_0_0.zip","polygon-farm-01/Assets/Synty/PolygonFarm/Prefabs/Props/SM_Prop_LetterBox_Group_01.tscn","1448"
"POLYGON_Farm_Godot_4_6_2_v1_0_0.zip","polygon-farm-01/Assets/Synty/PolygonFarm/Prefabs/Props/SM_Prop_LetterBox_Group_02.tscn","1429"
"POLYGON_Farm_Godot_4_6_2_v1_0_0.zip","polygon-farm-01/Assets/Synty/PolygonFarm/Prefabs/Props/SM_Prop_LetterBox_Numbers_01.tscn","1174"
"POLYGON_Farm_Godot_4_6_2_v1_0_0.zip","polygon-farm-01/Assets/Synty/PolygonFarm/Prefabs/Props/SM_Prop_LetterBox_Numbers_02.tscn","1131"
"POLYGON_Farm_Godot_4_6_2_v1_0_0.zip","polygon-farm-01/Assets/Synty/PolygonFarm/Prefabs/Props/SM_Prop_LetterBox_Numbers_03.tscn","1179"
"POLYGON_Farm_Godot_4_6_2_v1_0_0.zip","polygon-farm-01/Assets/Synty/PolygonFarm/Prefabs/Props/SM_Prop_LetterBox_Numbers_04.tscn","1134"
"POLYGON_Farm_Godot_4_6_2_v1_0_0.zip","polygon-farm-01/Assets/Synty/PolygonFarm/Prefabs/Props/SM_Prop_LetterBox_Signal_Flag_01.tscn","1503"
"POLYGON_Farm_Godot_4_6_2_v1_0_0.zip","polygon-farm-01/Assets/Synty/PolygonFarm/Prefabs/Props/SM_Prop_PalletCrate_01.tscn","911"
"POLYGON_Farm_Godot_4_6_2_v1_0_0.zip","polygon-farm-01/Assets/Synty/PolygonFarm/Prefabs/Props/SM_Prop_PlantBox_Large_01.tscn","913"
"POLYGON_Farm_Godot_4_6_2_v1_0_0.zip","polygon-farm-01/Assets/Synty/PolygonFarm/Prefabs/Props/SM_Prop_PlasticBin_01.tscn","1434"
"POLYGON_Farm_Godot_4_6_2_v1_0_0.zip","polygon-farm-01/Assets/Synty/PolygonFarm/Prefabs/Props/SM_Prop_Pot_01.tscn","1441"
"POLYGON_Farm_Godot_4_6_2_v1_0_0.zip","polygon-farm-01/Assets/Synty/PolygonFarm/Prefabs/Props/SM_Prop_Pot_02.tscn","1365"
"POLYGON_Farm_Godot_4_6_2_v1_0_0.zip","polygon-farm-01/Assets/Synty/PolygonFarm/Prefabs/Props/SM_Prop_Power_Lines_01.tscn","519"
"POLYGON_Farm_Godot_4_6_2_v1_0_0.zip","polygon-farm-01/Assets/Synty/PolygonFarm/Prefabs/Props/SM_Prop_Power_Pole_01.tscn","2260"
"POLYGON_Farm_Godot_4_6_2_v1_0_0.zip","polygon-farm-01/Assets/Synty/PolygonFarm/Prefabs/Props/SM_Prop_Rack_01.tscn","1439"
"POLYGON_Farm_Godot_4_6_2_v1_0_0.zip","polygon-farm-01/Assets/Synty/PolygonFarm/Prefabs/Props/SM_Prop_Ranch_Sign_01.tscn","3171"
"POLYGON_Farm_Godot_4_6_2_v1_0_0.zip","polygon-farm-01/Assets/Synty/PolygonFarm/Prefabs/Props/SM_Prop_Rubbish_01.tscn","1426"
"POLYGON_Farm_Godot_4_6_2_v1_0_0.zip","polygon-farm-01/Assets/Synty/PolygonFarm/Prefabs/Props/SM_Prop_Rubbish_02.tscn","1454"
"POLYGON_Farm_Godot_4_6_2_v1_0_0.zip","polygon-farm-01/Assets/Synty/PolygonFarm/Prefabs/Props/SM_Prop_Rubbish_03.tscn","1427"
"POLYGON_Farm_Godot_4_6_2_v1_0_0.zip","polygon-farm-01/Assets/Synty/PolygonFarm/Prefabs/Props/SM_Prop_Rubbish_04.tscn","925"
"POLYGON_Farm_Godot_4_6_2_v1_0_0.zip","polygon-farm-01/Assets/Synty/PolygonFarm/Prefabs/Props/SM_Prop_Rubbish_05.tscn","1452"
"POLYGON_Farm_Godot_4_6_2_v1_0_0.zip","polygon-farm-01/Assets/Synty/PolygonFarm/Prefabs/Props/SM_Prop_Rubbish_06.tscn","1452"
"POLYGON_Farm_Godot_4_6_2_v1_0_0.zip","polygon-farm-01/Assets/Synty/PolygonFarm/Prefabs/Props/SM_Prop_Rubbish_07.tscn","902"
"POLYGON_Farm_Godot_4_6_2_v1_0_0.zip","polygon-farm-01/Assets/Synty/PolygonFarm/Prefabs/Props/SM_Prop_Rubbish_08.tscn","1441"
"POLYGON_Farm_Godot_4_6_2_v1_0_0.zip","polygon-farm-01/Assets/Synty/PolygonFarm/Prefabs/Props/SM_Prop_Rubbish_09.tscn","1436"
"POLYGON_Farm_Godot_4_6_2_v1_0_0.zip","polygon-farm-01/Assets/Synty/PolygonFarm/Prefabs/Props/SM_Prop_Rubbish_Pile_01.tscn","1414"
"POLYGON_Farm_Godot_4_6_2_v1_0_0.zip","polygon-farm-01/Assets/Synty/PolygonFarm/Prefabs/Props/SM_Prop_Rubbish_Pile_02.tscn","1433"
"POLYGON_Farm_Godot_4_6_2_v1_0_0.zip","polygon-farm-01/Assets/Synty/PolygonFarm/Prefabs/Props/SM_Prop_Rubbish_Pile_03.tscn","1431"
"POLYGON_Farm_Godot_4_6_2_v1_0_0.zip","polygon-farm-01/Assets/Synty/PolygonFarm/Prefabs/Props/SM_Prop_Rubbish_Pile_04.tscn","1414"
"POLYGON_Farm_Godot_4_6_2_v1_0_0.zip","polygon-farm-01/Assets/Synty/PolygonFarm/Prefabs/Props/SM_Prop_Rubbish_Pile_05.tscn","1436"
"POLYGON_Farm_Godot_4_6_2_v1_0_0.zip","polygon-farm-01/Assets/Synty/PolygonFarm/Prefabs/Props/SM_Prop_Rusted_Drum_01.tscn","1437"
"POLYGON_Farm_Godot_4_6_2_v1_0_0.zip","polygon-farm-01/Assets/Synty/PolygonFarm/Prefabs/Props/SM_Prop_Scarecrow_01.tscn","2251"
"POLYGON_Farm_Godot_4_6_2_v1_0_0.zip","polygon-farm-01/Assets/Synty/PolygonFarm/Prefabs/Props/SM_Prop_SeedPacket_01.tscn","1465"
"POLYGON_Farm_Godot_4_6_2_v1_0_0.zip","polygon-farm-01/Assets/Synty/PolygonFarm/Prefabs/Props/SM_Prop_SeedPacket_02.tscn","1461"
"POLYGON_Farm_Godot_4_6_2_v1_0_0.zip","polygon-farm-01/Assets/Synty/PolygonFarm/Prefabs/Props/SM_Prop_Sign_Apples_01.tscn","921"
"POLYGON_Farm_Godot_4_6_2_v1_0_0.zip","polygon-farm-01/Assets/Synty/PolygonFarm/Prefabs/Props/SM_Prop_Sign_Cheeries_01.tscn","925"
"POLYGON_Farm_Godot_4_6_2_v1_0_0.zip","polygon-farm-01/Assets/Synty/PolygonFarm/Prefabs/Props/SM_Prop_Sign_Cucumbers_01.tscn","926"
"POLYGON_Farm_Godot_4_6_2_v1_0_0.zip","polygon-farm-01/Assets/Synty/PolygonFarm/Prefabs/Props/SM_Prop_Sign_Fruit_01.tscn","916"
"POLYGON_Farm_Godot_4_6_2_v1_0_0.zip","polygon-farm-01/Assets/Synty/PolygonFarm/Prefabs/Props/SM_Prop_Sign_Oranges_01.tscn","933"
"POLYGON_Farm_Godot_4_6_2_v1_0_0.zip","polygon-farm-01/Assets/Synty/PolygonFarm/Prefabs/Props/SM_Prop_Sign_Peaches_01.tscn","923"
"POLYGON_Farm_Godot_4_6_2_v1_0_0.zip","polygon-farm-01/Assets/Synty/PolygonFarm/Prefabs/Props/SM_Prop_Sign_Plums_01.tscn","919"
"POLYGON_Farm_Godot_4_6_2_v1_0_0.zip","polygon-farm-01/Assets/Synty/PolygonFarm/Prefabs/Props/SM_Prop_Sign_Potatoes_01.tscn","920"
"POLYGON_Farm_Godot_4_6_2_v1_0_0.zip","polygon-farm-01/Assets/Synty/PolygonFarm/Prefabs/Props/SM_Prop_Sign_Pumpkins_01.tscn","921"
"POLYGON_Farm_Godot_4_6_2_v1_0_0.zip","polygon-farm-01/Assets/Synty/PolygonFarm/Prefabs/Props/SM_Prop_Sign_Squash_01.tscn","919"
"POLYGON_Farm_Godot_4_6_2_v1_0_0.zip","polygon-farm-01/Assets/Synty/PolygonFarm/Prefabs/Props/SM_Prop_Sign_Strawberries_01.tscn","932"
"POLYGON_Farm_Godot_4_6_2_v1_0_0.zip","polygon-farm-01/Assets/Synty/PolygonFarm/Prefabs/Props/SM_Prop_Sign_Veges_01.tscn","920"
"POLYGON_Farm_Godot_4_6_2_v1_0_0.zip","polygon-farm-01/Assets/Synty/PolygonFarm/Prefabs/Props/SM_Prop_SignPost_01.tscn","1430"
"POLYGON_Farm_Godot_4_6_2_v1_0_0.zip","polygon-farm-01/Assets/Synty/PolygonFarm/Prefabs/Props/SM_Prop_SignPost_02.tscn","1324"
"POLYGON_Farm_Godot_4_6_2_v1_0_0.zip","polygon-farm-01/Assets/Synty/PolygonFarm/Prefabs/Props/SM_Prop_SignPost_03.tscn","916"
"POLYGON_Farm_Godot_4_6_2_v1_0_0.zip","polygon-farm-01/Assets/Synty/PolygonFarm/Prefabs/Props/SM_Prop_SpoolWheel_01.tscn","1423"
"POLYGON_Farm_Godot_4_6_2_v1_0_0.zip","polygon-farm-01/Assets/Synty/PolygonFarm/Prefabs/Props/SM_Prop_Sprinkler_01.tscn","1462"
"POLYGON_Farm_Godot_4_6_2_v1_0_0.zip","polygon-farm-01/Assets/Synty/PolygonFarm/Prefabs/Props/SM_Prop_Sprinkler_Hose_01.tscn","1451"
"POLYGON_Farm_Godot_4_6_2_v1_0_0.zip","polygon-farm-01/Assets/Synty/PolygonFarm/Prefabs/Props/SM_Prop_Stop_Sign_01.tscn","1436"
"POLYGON_Farm_Godot_4_6_2_v1_0_0.zip","polygon-farm-01/Assets/Synty/PolygonFarm/Prefabs/Props/SM_Prop_Table_01.tscn","899"
"POLYGON_Farm_Godot_4_6_2_v1_0_0.zip","polygon-farm-01/Assets/Synty/PolygonFarm/Prefabs/Props/SM_Prop_Table_02.tscn","906"
"POLYGON_Farm_Godot_4_6_2_v1_0_0.zip","polygon-farm-01/Assets/Synty/PolygonFarm/Prefabs/Props/SM_Prop_Tool_Axe_01.tscn","1461"
"POLYGON_Farm_Godot_4_6_2_v1_0_0.zip","polygon-farm-01/Assets/Synty/PolygonFarm/Prefabs/Props/SM_Prop_Tool_Bucket_01.tscn","1460"
"POLYGON_Farm_Godot_4_6_2_v1_0_0.zip","polygon-farm-01/Assets/Synty/PolygonFarm/Prefabs/Props/SM_Prop_Tool_Hayfork_01.tscn","1457"
"POLYGON_Farm_Godot_4_6_2_v1_0_0.zip","polygon-farm-01/Assets/Synty/PolygonFarm/Prefabs/Props/SM_Prop_Tool_Hoe_01.tscn","1446"
"POLYGON_Farm_Godot_4_6_2_v1_0_0.zip","polygon-farm-01/Assets/Synty/PolygonFarm/Prefabs/Props/SM_Prop_Tool_Pitchfork_01.tscn","1477"
"POLYGON_Farm_Godot_4_6_2_v1_0_0.zip","polygon-farm-01/Assets/Synty/PolygonFarm/Prefabs/Props/SM_Prop_Tool_Rake_01.tscn","1462"
"POLYGON_Farm_Godot_4_6_2_v1_0_0.zip","polygon-farm-01/Assets/Synty/PolygonFarm/Prefabs/Props/SM_Prop_Tool_Scythe_01.tscn","1464"
"POLYGON_Farm_Godot_4_6_2_v1_0_0.zip","polygon-farm-01/Assets/Synty/PolygonFarm/Prefabs/Props/SM_Prop_Tool_Spade_01.tscn","1467"
"POLYGON_Farm_Godot_4_6_2_v1_0_0.zip","polygon-farm-01/Assets/Synty/PolygonFarm/Prefabs/Props/SM_Prop_ToolBox_01.tscn","2862"
"POLYGON_Farm_Godot_4_6_2_v1_0_0.zip","polygon-farm-01/Assets/Synty/PolygonFarm/Prefabs/Props/SM_Prop_Trough_01.tscn","1841"
"POLYGON_Farm_Godot_4_6_2_v1_0_0.zip","polygon-farm-01/Assets/Synty/PolygonFarm/Prefabs/Props/SM_Prop_Truck_Rusted_01.tscn","1402"
"POLYGON_Farm_Godot_4_6_2_v1_0_0.zip","polygon-farm-01/Assets/Synty/PolygonFarm/Prefabs/Props/SM_Prop_Tyre_01.tscn","1414"
"POLYGON_Farm_Godot_4_6_2_v1_0_0.zip","polygon-farm-01/Assets/Synty/PolygonFarm/Prefabs/Props/SM_Prop_Ute_Wreck_01.tscn","1398"
"POLYGON_Farm_Godot_4_6_2_v1_0_0.zip","polygon-farm-01/Assets/Synty/PolygonFarm/Prefabs/Props/SM_Prop_Vice_01.tscn","2329"
"POLYGON_Farm_Godot_4_6_2_v1_0_0.zip","polygon-farm-01/Assets/Synty/PolygonFarm/Prefabs/Props/SM_Prop_Watering_Can_01.tscn","2495"
"POLYGON_Farm_Godot_4_6_2_v1_0_0.zip","polygon-farm-01/Assets/Synty/PolygonFarm/Prefabs/Props/SM_Prop_Weathervane_01.tscn","1870"
"POLYGON_Farm_Godot_4_6_2_v1_0_0.zip","polygon-farm-01/Assets/Synty/PolygonFarm/Prefabs/Props/SM_Prop_Weathervane_02.tscn","1447"
"POLYGON_Farm_Godot_4_6_2_v1_0_0.zip","polygon-farm-01/Assets/Synty/PolygonFarm/Prefabs/Props/SM_Prop_Well_01.tscn","1830"
"POLYGON_Farm_Godot_4_6_2_v1_0_0.zip","polygon-farm-01/Assets/Synty/PolygonFarm/Prefabs/Props/SM_Prop_Wheelbarrow_01.tscn","1882"
"POLYGON_Farm_Godot_4_6_2_v1_0_0.zip","polygon-farm-01/Assets/Synty/PolygonFarm/Prefabs/Props/SM_Prop_Wheelbarrow_Metal_01.tscn","1885"
"POLYGON_Farm_Godot_4_6_2_v1_0_0.zip","polygon-farm-01/Assets/Synty/PolygonFarm/Prefabs/Props/SM_Prop_Windfarm_01.tscn","1820"
"POLYGON_Farm_Godot_4_6_2_v1_0_0.zip","polygon-farm-01/Assets/Synty/PolygonFarm/Prefabs/Props/SM_Prop_Windmill_01.tscn","2230"
"POLYGON_Farm_Godot_4_6_2_v1_0_0.zip","polygon-farm-01/Assets/Synty/PolygonFarm/Prefabs/Props/SM_Prop_Wood_Stack_01.tscn","1425"
"POLYGON_Farm_Godot_4_6_2_v1_0_0.zip","polygon-farm-01/Assets/Synty/PolygonFarm/Prefabs/Props/SM_Prop_Wood_Stack_02.tscn","1440"
"POLYGON_Farm_Godot_4_6_2_v1_0_0.zip","polygon-farm-01/Assets/Synty/PolygonFarm/Prefabs/Props/SM_Wep_Shotgun_01.tscn","4312"
"POLYGON_Farm_Godot_4_6_2_v1_0_0.zip","polygon-farm-01/Assets/Synty/PolygonFarm/Prefabs/Vehicles/SM_Veh_Attach_Baler_01.tscn","7089"
"POLYGON_Farm_Godot_4_6_2_v1_0_0.zip","polygon-farm-01/Assets/Synty/PolygonFarm/Prefabs/Vehicles/SM_Veh_Attach_Planter_01.tscn","1785"
"POLYGON_Farm_Godot_4_6_2_v1_0_0.zip","polygon-farm-01/Assets/Synty/PolygonFarm/Prefabs/Vehicles/SM_Veh_Attach_Plough_01.tscn","4434"
"POLYGON_Farm_Godot_4_6_2_v1_0_0.zip","polygon-farm-01/Assets/Synty/PolygonFarm/Prefabs/Vehicles/SM_Veh_Attach_Sprayer_01.tscn","3543"
"POLYGON_Farm_Godot_4_6_2_v1_0_0.zip","polygon-farm-01/Assets/Synty/PolygonFarm/Prefabs/Vehicles/SM_Veh_Attach_Trailer_Cage_01.tscn","3237"
"POLYGON_Farm_Godot_4_6_2_v1_0_0.zip","polygon-farm-01/Assets/Synty/PolygonFarm/Prefabs/Vehicles/SM_Veh_Attach_Trailer_Cylinder_01.tscn","2790"
"POLYGON_Farm_Godot_4_6_2_v1_0_0.zip","polygon-farm-01/Assets/Synty/PolygonFarm/Prefabs/Vehicles/SM_Veh_Attach_Trailer_Tank_01.tscn","4576"
"POLYGON_Farm_Godot_4_6_2_v1_0_0.zip","polygon-farm-01/Assets/Synty/PolygonFarm/Prefabs/Vehicles/SM_Veh_Harvester_01.tscn","6582"
"POLYGON_Farm_Godot_4_6_2_v1_0_0.zip","polygon-farm-01/Assets/Synty/PolygonFarm/Prefabs/Vehicles/SM_Veh_Pickup_01.tscn","5229"
"POLYGON_Farm_Godot_4_6_2_v1_0_0.zip","polygon-farm-01/Assets/Synty/PolygonFarm/Prefabs/Vehicles/SM_Veh_Tractor_01.tscn","6980"
"POLYGON_Farm_Godot_4_6_2_v1_0_0.zip","polygon-farm-01/Assets/Synty/PolygonFarm/Prefabs/Vehicles/SM_Veh_TractorOld_01.tscn","4822"
"POLYGON_Starter_Godot_4_6_2_v1_1_0.zip","polygon-starter/Assets/Synty/PolygonStarter/Prefabs/Characters/SM_Bean_Cop_01.tscn","506"
"POLYGON_Starter_Godot_4_6_2_v1_1_0.zip","polygon-starter/Assets/Synty/PolygonStarter/Prefabs/Characters/SM_Bean_Cowboy_01.tscn","512"
"POLYGON_Starter_Godot_4_6_2_v1_1_0.zip","polygon-starter/Assets/Synty/PolygonStarter/Prefabs/Characters/SM_Bean_Female_01.tscn","512"
"POLYGON_Starter_Godot_4_6_2_v1_1_0.zip","polygon-starter/Assets/Synty/PolygonStarter/Prefabs/Characters/SM_Bean_Town_Female_01.tscn","523"
"POLYGON_Starter_Godot_4_6_2_v1_1_0.zip","polygon-starter/Assets/Synty/PolygonStarter/Prefabs/Characters/SM_Character_Female_01.tscn","43826"
"POLYGON_Starter_Godot_4_6_2_v1_1_0.zip","polygon-starter/Assets/Synty/PolygonStarter/Prefabs/Characters/SM_Character_Male_01.tscn","43824"
"POLYGON_Starter_Godot_4_6_2_v1_1_0.zip","polygon-starter/Assets/Synty/PolygonStarter/Prefabs/SM_Bld_Door_01.tscn","876"
"POLYGON_Starter_Godot_4_6_2_v1_1_0.zip","polygon-starter/Assets/Synty/PolygonStarter/Prefabs/SM_Generic_CloudRing_01.tscn","525"
"POLYGON_Starter_Godot_4_6_2_v1_1_0.zip","polygon-starter/Assets/Synty/PolygonStarter/Prefabs/SM_Generic_Ground_01.tscn","17268"
"POLYGON_Starter_Godot_4_6_2_v1_1_0.zip","polygon-starter/Assets/Synty/PolygonStarter/Prefabs/SM_Generic_Ground_02.tscn","37156"
"POLYGON_Starter_Godot_4_6_2_v1_1_0.zip","polygon-starter/Assets/Synty/PolygonStarter/Prefabs/SM_Generic_Ground_03.tscn","64300"
"POLYGON_Starter_Godot_4_6_2_v1_1_0.zip","polygon-starter/Assets/Synty/PolygonStarter/Prefabs/SM_Generic_Ground_04.tscn","62727"
"POLYGON_Starter_Godot_4_6_2_v1_1_0.zip","polygon-starter/Assets/Synty/PolygonStarter/Prefabs/SM_Generic_Ground_Flat_01.tscn","46961"
"POLYGON_Starter_Godot_4_6_2_v1_1_0.zip","polygon-starter/Assets/Synty/PolygonStarter/Prefabs/SM_Generic_Mountains_Grass_02.tscn","38401"
"POLYGON_Starter_Godot_4_6_2_v1_1_0.zip","polygon-starter/Assets/Synty/PolygonStarter/Prefabs/SM_Generic_Mountains_Soft_01.tscn","28179"
"POLYGON_Starter_Godot_4_6_2_v1_1_0.zip","polygon-starter/Assets/Synty/PolygonStarter/Prefabs/SM_Generic_Small_Rocks_01.tscn","529"
"POLYGON_Starter_Godot_4_6_2_v1_1_0.zip","polygon-starter/Assets/Synty/PolygonStarter/Prefabs/SM_Generic_Small_Rocks_02.tscn","528"
"POLYGON_Starter_Godot_4_6_2_v1_1_0.zip","polygon-starter/Assets/Synty/PolygonStarter/Prefabs/SM_Generic_Small_Rocks_03.tscn","529"
"POLYGON_Starter_Godot_4_6_2_v1_1_0.zip","polygon-starter/Assets/Synty/PolygonStarter/Prefabs/SM_Generic_Small_Rocks_04.tscn","529"
"POLYGON_Starter_Godot_4_6_2_v1_1_0.zip","polygon-starter/Assets/Synty/PolygonStarter/Prefabs/SM_Generic_Small_Rocks_05.tscn","528"
"POLYGON_Starter_Godot_4_6_2_v1_1_0.zip","polygon-starter/Assets/Synty/PolygonStarter/Prefabs/SM_Generic_Tree_01.tscn","51998"
"POLYGON_Starter_Godot_4_6_2_v1_1_0.zip","polygon-starter/Assets/Synty/PolygonStarter/Prefabs/SM_Generic_Tree_02.tscn","515"
"POLYGON_Starter_Godot_4_6_2_v1_1_0.zip","polygon-starter/Assets/Synty/PolygonStarter/Prefabs/SM_Generic_Tree_03.tscn","23558"
"POLYGON_Starter_Godot_4_6_2_v1_1_0.zip","polygon-starter/Assets/Synty/PolygonStarter/Prefabs/SM_Generic_Tree_04.tscn","28202"
"POLYGON_Starter_Godot_4_6_2_v1_1_0.zip","polygon-starter/Assets/Synty/PolygonStarter/Prefabs/SM_Generic_TreeDead_01.tscn","26647"
"POLYGON_Starter_Godot_4_6_2_v1_1_0.zip","polygon-starter/Assets/Synty/PolygonStarter/Prefabs/SM_Generic_TreeStump_01.tscn","2043"
"POLYGON_Starter_Godot_4_6_2_v1_1_0.zip","polygon-starter/Assets/Synty/PolygonStarter/Prefabs/SM_PolygonApocalypse_Bld_House_01.tscn","897"
"POLYGON_Starter_Godot_4_6_2_v1_1_0.zip","polygon-starter/Assets/Synty/PolygonStarter/Prefabs/SM_PolygonCity_Veh_Car_Small_01.tscn","5839"
"POLYGON_Starter_Godot_4_6_2_v1_1_0.zip","polygon-starter/Assets/Synty/PolygonStarter/Prefabs/SM_PolygonPrototype_Buildings_Block_1x1_01P.tscn","966"
"POLYGON_Starter_Godot_4_6_2_v1_1_0.zip","polygon-starter/Assets/Synty/PolygonStarter/Prefabs/SM_PolygonPrototype_Buildings_Column_2x3_01P.tscn","901"
"POLYGON_Starter_Godot_4_6_2_v1_1_0.zip","polygon-starter/Assets/Synty/PolygonStarter/Prefabs/SM_PolygonPrototype_Buildings_DoorFrame_01P.tscn","899"
"POLYGON_Starter_Godot_4_6_2_v1_1_0.zip","polygon-starter/Assets/Synty/PolygonStarter/Prefabs/SM_PolygonPrototype_Buildings_Floor_1x1_01P.tscn","897"
"POLYGON_Starter_Godot_4_6_2_v1_1_0.zip","polygon-starter/Assets/Synty/PolygonStarter/Prefabs/SM_PolygonPrototype_Buildings_Floor_5x5_01P.tscn","919"
"POLYGON_Starter_Godot_4_6_2_v1_1_0.zip","polygon-starter/Assets/Synty/PolygonStarter/Prefabs/SM_PolygonPrototype_Buildings_Ramp_25_1x1_01P.tscn","904"
"POLYGON_Starter_Godot_4_6_2_v1_1_0.zip","polygon-starter/Assets/Synty/PolygonStarter/Prefabs/SM_PolygonPrototype_Buildings_Ramp_45_1x1_01P.tscn","1119"
"POLYGON_Starter_Godot_4_6_2_v1_1_0.zip","polygon-starter/Assets/Synty/PolygonStarter/Prefabs/SM_PolygonPrototype_Buildings_Stairs_1x1_01P.tscn","902"
"POLYGON_Starter_Godot_4_6_2_v1_1_0.zip","polygon-starter/Assets/Synty/PolygonStarter/Prefabs/SM_PolygonPrototype_Buildings_Stairs_1x3_01P.tscn","903"
"POLYGON_Starter_Godot_4_6_2_v1_1_0.zip","polygon-starter/Assets/Synty/PolygonStarter/Prefabs/SM_PolygonPrototype_Buildings_WallDoor_2x3_01P.tscn","909"
"POLYGON_Starter_Godot_4_6_2_v1_1_0.zip","polygon-starter/Assets/Synty/PolygonStarter/Prefabs/SM_PolygonPrototype_Buildings_WallWindow_2x3_01P.tscn","914"
"POLYGON_Starter_Godot_4_6_2_v1_1_0.zip","polygon-starter/Assets/Synty/PolygonStarter/Prefabs/SM_PolygonPrototype_Icon_Arrow_Small_01.tscn","1224"
"POLYGON_Starter_Godot_4_6_2_v1_1_0.zip","polygon-starter/Assets/Synty/PolygonStarter/Prefabs/SM_PolygonPrototype_Icon_Coin_01.tscn","1477"
"POLYGON_Starter_Godot_4_6_2_v1_1_0.zip","polygon-starter/Assets/Synty/PolygonStarter/Prefabs/SM_PolygonPrototype_Icon_Letter_Question_01.tscn","2208"
"POLYGON_Starter_Godot_4_6_2_v1_1_0.zip","polygon-starter/Assets/Synty/PolygonStarter/Prefabs/SM_PolygonPrototype_Primitive_Cone_01P.tscn","883"
"POLYGON_Starter_Godot_4_6_2_v1_1_0.zip","polygon-starter/Assets/Synty/PolygonStarter/Prefabs/SM_PolygonPrototype_Primitive_Cylinder_01P.tscn","897"
"POLYGON_Starter_Godot_4_6_2_v1_1_0.zip","polygon-starter/Assets/Synty/PolygonStarter/Prefabs/SM_PolygonPrototype_Primitive_Sphere_01P.tscn","890"
"POLYGON_Starter_Godot_4_6_2_v1_1_0.zip","polygon-starter/Assets/Synty/PolygonStarter/Prefabs/SM_PolygonPrototype_Primitive_Tube_01P.tscn","884"
"POLYGON_Starter_Godot_4_6_2_v1_1_0.zip","polygon-starter/Assets/Synty/PolygonStarter/Prefabs/SM_PolygonPrototype_Prop_Cone_01.tscn","1751"
"POLYGON_Starter_Godot_4_6_2_v1_1_0.zip","polygon-starter/Assets/Synty/PolygonStarter/Prefabs/SM_PolygonPrototype_Prop_Crate_03.tscn","1503"
"POLYGON_Starter_Godot_4_6_2_v1_1_0.zip","polygon-starter/Assets/Synty/PolygonStarter/Prefabs/SM_PolygonPrototype_Prop_Ladder_1x2_01P.tscn","895"
"POLYGON_Starter_Godot_4_6_2_v1_1_0.zip","polygon-starter/Assets/Synty/PolygonStarter/Prefabs/SM_PolygonPrototype_Prop_Sword_01.tscn","1942"
"POLYGON_Starter_Godot_4_6_2_v1_1_0.zip","polygon-starter/Assets/Synty/PolygonStarter/Prefabs/SM_PolygonPrototype_Prop_Target_03.tscn","1837"
"POLYGON_Starter_Godot_4_6_2_v1_1_0.zip","polygon-starter/Assets/Synty/PolygonStarter/Prefabs/SM_Prop_Plane_Ring_01.tscn","15885"
"POLYGON_Starter_Godot_4_6_2_v1_1_0.zip","polygon-starter/Assets/Synty/PolygonStarter/Prefabs/SM_SimpleSky_Dome_01.tscn","530"
"POLYGON_Starter_Godot_4_6_2_v1_1_0.zip","polygon-starter/Assets/Synty/PolygonStarter/Prefabs/SM_Veh_Plane_Stunt_01.tscn","185216"
"POLYGON_Starter_Godot_4_6_2_v1_1_0.zip","polygon-starter/Assets/Synty/PolygonStarter/Prefabs/SM_Wep_Shield_04.tscn","4149"
"POLYGON_Starter_Godot_4_6_2_v1_1_0.zip","polygon-starter/Assets/Synty/PolygonStarter/Prefabs/SM_Wep_Watergun_01.tscn","6338"
"POLYGON_Starter_Godot_4_6_2_v1_1_0.zip","polygon-starter/Assets/Synty/PolygonStarter/Prefabs/SM_Wep_Watergun_02.tscn","6415"
"POLYGON_Starter_Godot_4_6_2_v1_1_0.zip","polygon-starter/Assets/Synty/PolygonStarter/Prefabs/SM_Wep_WaterPistol_01.tscn","3692"
